platform,product,title,text,source,published_at,url
news,Amazon Alexa,"President’s Day Amazon tech deals now live: New Echo Show all-time lows, Echo Studio, more from $16","Just after the nationwide launch of Alexa+, Amazon has now kicked off its official 2026 President’s Day sale. While there...",9to5Toys,2026-02-15T18:35:00Z,https://9to5toys.com/2026/02/15/presidents-day-amazon-tech-deals-echo/
news,Amazon Alexa,Kindle Scribe’s latest update turns scribbles into action,"Amazon’s Kindle Scribe adds generative AI tools and Alexa+ integration, tying it deeper into the company’s subscription ecosystem.",Android Authority,2026-02-12T22:38:15Z,https://www.androidauthority.com/amazon-kindle-scribe-generative-ai-tools-3640638/
news,Amazon Alexa,Amazon’s Send to Alexa Plus makes the Kindle Scribe feel more like a productivity device,"Amazon’s Send to Alexa Plus makes it possible to ask Alexa for summaries, reminders, and more based on notes or documents. Here’s how it works in real life.",The Verge,2026-02-12T14:04:48Z,https://www.theverge.com/gadgets/877625/amazon-send-to-alexa-plus-kindle-scribe-hands-on
news,Amazon Alexa,Amazon's Send to Alexa+ feature arrives on Kindle Scribe and Scribe Colorsoft,Amazon is launching a feature that will add a new artificial intelligence layer to its writing tablets.,Engadget,2026-02-12T14:00:00Z,https://www.engadget.com/mobile/tablets/amazons-send-to-alexa-feature-arrives-on-kindle-scribe-and-scribe-colorsoft-140000093.html
news,Amazon Alexa,What is Alexa+? Everything Amazon's generative AI can do - and how to get it today,"Alexa+ is smarter, more natural-sounding, and more capable than the old Alexa. Here's how to upgrade ASAP.",ZDNet,2026-02-11T09:50:00Z,https://www.zdnet.com/article/what-is-alexa-plus-generative-ai-amazon/
news,Amazon Alexa,This Blink Mini Indoor Camera Two-Pack Is on Sale for $45 Right Now,"The Blink Mini 2K+ (2-pack) wired cameras deliver sharp 2K video, color night recording with a built-in spotlight, and clear two-way audio. They’re easy to set up and work with Amazon Alexa.",Lifehacker,2026-02-10T15:00:36Z,https://lifehacker.com/tech/blink-mini-indoor-camera-two-pack-sale-february-2026
news,Amazon Alexa,Amazon Offloads Its Alexa Streaming Device as the Fire TV Cube Crashes to an All,No need to swap between multiple streaming devices with this premium option at your side.,Kotaku,2026-02-10T14:40:02Z,https://kotaku.com/amazon-clears-out-its-alexa-streaming-device-as-the-fire-tv-cube-crashes-to-an-all-time-low-2000667038
news,Amazon Alexa,Top 10 Most-Liked Ads,"The top 10 Super Bowl commercials ranked by 'likeability' included spots for NFL, Amazon's Ring, Budweiser, Universal Orlando, Peacock, Alexa+, Pepsi and more.",Variety,2026-02-09T14:01:33Z,https://variety.com/2026/tv/news/super-bowl-2026-ads-top-10-most-liked-commercials-1236656776/
news,Amazon Alexa,Existential Fears About AI Are an Elaborate Joke for Amazon,Chris Hemsworth is spooked by the real-life potential of Alexa.,Adweek,2026-02-09T02:29:50Z,https://www.adweek.com/creativity/super-bowl-hot-take-amazon-elaborate-joke-about-ai-anxiety-lands/
news,Apple HomePod Mini,"Apple's 2026 roadmap may include home hub, cameras and refreshed HomePod mini","Apple is reportedly planning a major smart home push in 2026, including a refreshed HomePod mini, a new home hub with Face ID and Apple Intelligence, plus possible security and doorbell cameras, signalling a broader expansion of its connected home ecosystem.",Livemint,2026-02-15T10:28:52Z,https://www.livemint.com/technology/tech-news/apples-2026-roadmap-may-include-home-hub-cameras-and-refreshed-homepod-mini-11771149729510.html
news,Apple HomePod Mini,Three New Apple Home Products Rumored for 2026,"Apple has a long list of new products rumored for 2026, including a series of home products that will see the company establishing more of a presence in the smart home space. Robots are on the horizon for 2027, but the 2026 releases will be a little tamer. HomePod mini We're expecting a new HomePod mini 2 to launch at any time. Apple isn't going to update the device's design, but we could get new colors.",MacRumors,2026-02-14T00:18:34Z,https://www.macrumors.com/2026/02/13/apple-home-2026-rumors/
news,Apple HomePod Mini,Apple Releases HomePod Software 26.3,"Alongside iOS 26.3, iPadOS 26.3, and macOS Tahoe 26.3, Apple has released new HomePod 26.3 software for the HomePod and the HomePod mini. The update comes two months after Apple released HomePod Software 26.2. According to Apple's release notes, HomePod Software 26.3 includes performance and stability improvements. According to Apple's release notes, HomePod Software 26.3 includes performance and stability improvements.",MacRumors,2026-02-11T18:03:00Z,https://www.macrumors.com/2026/02/11/apple-releases-homepod-software-26-3/
news,Apple HomePod Mini,Apple Expected to Launch These 10+ Products Over the Coming Months,"It has been a slow start to 2026 for Apple product launches, with only a new AirTag and a special Apple Watch band released so far. We are still waiting for MacBook Pro models with M5 Pro and M5 Max chips, the iPhone 17e, a lower-cost MacBook with an iPhone chip, long-rumored updates to the Apple TV and HomePod mini, and much more.",MacRumors,2026-02-10T14:33:37Z,https://www.macrumors.com/2026/02/10/new-apple-products-in-coming-months/
