platform,product,title,text
youtube,Google Nest Mini,Google Nest Mini Review - 6 Months Later,"If you want to learn what the Google Assistant can actually do, check out our video: https://youtu.be/_GdvyWH5q2U"
youtube,Google Nest Mini,Google Nest Mini Review - 6 Months Later,"Josh I'm just replacing my Alexa devices with Google as Google is way more intelligent with questions. For the same reason I've just sold my iPhone 16 Pro and rep,aced it with Pixel 9 Pro XL. Siri needs a MAJOR overhaul."
youtube,Google Nest Mini,Google Nest Mini Review - 6 Months Later,These suck! This is designed for android users. Anyone with an Iphone or memberships like itunes  will have a very annoying time. Once you have figured out how to add your nest to your google home app and configured everything. You come to realize that just like apple downgrades android messages to a god awfull low resolution grainy immage. Google disconnects itunes or you library every 2-3 minutes so your song will go thru beeps and pauses as it tries to reestablish connection. It only happens with apple developed apps. I exchanged it twice until the realization set in. So just avoid it apple users. Last time I tried was october 2024 and it still disconnects my music.
youtube,Google Nest Mini,Google Nest Mini Review - 6 Months Later,This video has been very helpful thank you
youtube,Google Nest Mini,Google Nest Mini Review - 6 Months Later,Please Tell me NPR isn't the only news source
youtube,Google Nest Mini,Google Nest Mini Review - 6 Months Later,"I know that I don't plan on listening to music all that much, but that sounds SUPER tinny!"
youtube,Google Nest Mini,Google Nest Mini Review - 6 Months Later,The biggest waste of money has the mind of a 2 year old and doesn't know how to answer if you ask it how many legs deos a cow have it will say (sorry i don't understand) if you want it to tell you the whether of the contry not the state it would be good but it doesn't know anything
youtube,Google Nest Mini,Google Nest Mini Review - 6 Months Later,"Hi can you help me and hundreds of other people that depend on there, google home mini to help them spell. Mine in a instant went from a slow spell that I could follow to a fast spell that I cant. I have trawled the net with no success to solve this."
youtube,Google Nest Mini,Google Nest Mini Review - 6 Months Later,5:26 guys.. you see that on the phone?üòê
youtube,Google Nest Mini,Google Nest Mini Review - 6 Months Later,Did nobody else notice what it says on the phone at 5:25 in the video ü§®üßê
youtube,Google Nest Mini,Google Nest Mini Review - 6 Months Later,He isn't that all available on my phone so what's a point
youtube,Google Nest Mini,Google Nest Mini Review - 6 Months Later,Is this amazon music too
youtube,Google Nest Mini,Google Nest Mini Review - 6 Months Later,Mine is now a stuttering mess.
youtube,Google Nest Mini,Google Nest Mini Review - 6 Months Later,3:05 Johes the bathroom speaker.......??
youtube,Google Nest Mini,Google Nest Mini Review - 6 Months Later,"For playing music, podcast and news it‚Äôs great, Google Assistant is very brief  when you ask her for any information, you need to say that long  Ok Google command again  and ask another related  question, Alexa gives you  more complete spoken responses, and even Siri gives you more definitions of a word. It‚Äôs a shame that  Assistant, having the Google search engine inside, has this serious limitation"
youtube,Google Nest Mini,Google Nest Mini Review - 6 Months Later,Worst speaker ever app is so glitchy and buggy
youtube,Google Nest Mini,Google Nest Mini Review - 6 Months Later,"5:18 I wonder what ""sexy time"" does..."
youtube,Google Nest Mini,Google Nest Mini Review - 6 Months Later,"Great video, you actually used it and came up with a great list of common uses, along with setting one up.  I send this youtube video to family and friends who ask me about mine."
youtube,Google Nest Mini,Google Nest Mini Review - 6 Months Later,Will it work in India??
youtube,Google Nest Mini,Google Nest Mini Review - 6 Months Later,"My google nest mini My significant other bought me a year ago ..... Recently tho the thing has been going off randomly freaking me out She woke me up twenty minutes ago playing on some random station very loud , and it hasn't been the first it has done that ....... My Alexa doesn't do things like that so weird / creepy! Does anyone elses do weird things like mine Google nest mini does it would be nice to know so I can put my mind at ease ?!"
youtube,Google Nest Mini,Google Nest Mini Review - 6 Months Later,Setting these up is a NIGHTMARE!!! BEWARE
youtube,Google Nest Mini,Google Nest Mini Review - 6 Months Later,I can't seem to set up YouTube music seen all the videos on how to do it but still no üò≠
youtube,Google Nest Mini,Google Nest Mini Review - 6 Months Later,"Unfortunately, I've had nothing but trouble with the Google family of speakers. Their firmware updates are horrendous. My speakers don't play as a group because of their latest firmware updates. Lately, I can't add speakers to my Google home because of the latest firmware updates. I don't recommend Google Home or their Nest products until they resolve their firmware issues."
youtube,Google Nest Mini,Google Nest Mini Review - 6 Months Later,I don‚Äôt get it ? so it‚Äôs constantly listening to you ? Or is their a command to activate it to listen for commands ?
youtube,Google Nest Mini,Google Nest Mini Review - 6 Months Later,Can you use the mini as a wifi point extension?
youtube,Google Nest Mini,Google Nest Mini Review - 6 Months Later,You can keep all that spy garbage.
youtube,Google Nest Mini,Google Nest Mini Review - 6 Months Later,"dang mate, do i wanna know what 3 tasks sexy time does???"
youtube,Google Nest Mini,Google Nest Mini Review - 6 Months Later,I am just annoyed it doesn't come in Sage green to match the larger google nest.
youtube,Google Nest Mini,Google Nest Mini Review - 6 Months Later,"You forgot to mention one of the worst things, you can't tell it to play a particular song and you can only tell it to skip a song a certain number of times. Unless you pay for a subscription. And it will constantly remind you that you need a subscription to mute the stupid ads saying to get a subscription."
youtube,Google Nest Mini,Google Nest Mini Review - 6 Months Later,Bro please reply me that that my Google next Mini is not hearing .me  in the noise .. please tell me that which settings that I want to enable for resolving this issue I am expecting a reply from you
youtube,Google Nest Mini,Google Nest Mini Review - 6 Months Later,bro give more details on sexy time :))))))
youtube,Google Nest Mini,Google Nest Mini Review - 6 Months Later,"5:19 the 7th item on the list...""sexy time"""
youtube,Google Nest Mini,Google Nest Mini Review - 6 Months Later,This is very convenient if you want to block out those people who want to work outside.
youtube,Google Nest Mini,Google Nest Mini Review - 6 Months Later,Apple products are a problem such as iPhone 10 establishing a blue tooth connection
youtube,Google Nest Mini,Google Nest Mini Review - 6 Months Later,The speaker group feature just stopped working
youtube,Google Nest Mini,Google Nest Mini Review - 6 Months Later,no headphone jack is bullshit.
youtube,Google Nest Mini,Google Nest Mini Review - 6 Months Later,Don't we all want multi room audio. Came to this video because this device has potential for multiroom audio
youtube,Google Nest Mini,Google Nest Mini Review - 6 Months Later,"""here's a sound test""
...Coming out of my cambridge soundworks 20yr old speakers...
*facepalm*"
youtube,Google Nest Mini,Google Nest Mini Review - 6 Months Later,"Great review, appreciated."
youtube,Google Nest Mini,Google Nest Mini Review - 6 Months Later,just ordered mine after watching this video! aaaaaa excited!
youtube,Google Nest Mini,Google Nest Mini Review - 6 Months Later,So what are some I have a question about the next mini is will it work for my current cell phone because I have Google anyway.
youtube,Google Nest Mini,Google Nest Mini Review - 6 Months Later,"how are people getting this for free? i have youtube premium, can i get one or are they randomly selecting who to give it to?"
youtube,Google Nest Mini,Google Nest Mini Review - 6 Months Later,"Hi Josh, I noticed in this review that you had a Lenovo 4inch smart clock
I'm considering introducing it to my house hold mix possible replacing nest mini in bedroom with beside clock or in possible the cock in the kitchen and reuse the nest mini in black spots within my house rather than buy another.
How does the clock compared to the nest mini ‚ùì kind regards Bruce"
youtube,Google Nest Mini,Google Nest Mini Review - 6 Months Later,"Boys got some girl in him,,, I can hear it"
youtube,Google Nest Mini,Google Nest Mini Review - 6 Months Later,"One more microphone for your home,,, y‚Äôall are stupid"
youtube,Google Nest Mini,Google Nest Mini Review - 6 Months Later,"I work in a shop with a guy who plays classic rock on one of these things all day for the last year.  This tin foil speaker sounds absolutely terrible.  Any time an electric guitar is leading a piece, it sound likes screeching and tearing noises.  Want to find out how bad music can sound?   This speaker will show you.  There is a reason for all the comments of people getting it for free.  The quality is shit, and it just sucks you farther into Google's web of manipulating everybody."
youtube,Google Nest Mini,Google Nest Mini Review - 6 Months Later,"Amazon Alexa is the best for home automation, it has the most skills.
Also, Google can't add a device to more than 1 room or group; example: kitchen and family room are adjacent to each other and I want the lights in both room to turn 
off if I say all, as well as independently turning off either room.
Alexa is inexpensive so I bought 8 to equip every room with Amazon Alexa for voice control so that I can just ask 'turn off the lights' and the echo in that room 

knows to turn off those lights and not other lights in the house.
Google app's fonts are really really really tiny for my old eyes.
All 8 of my Amazon Echo devices have a clock... very convenient to tell the time or see a timer's countdown.
or better sound, I have a few of my Amazon Echo dot 3 with clock output the sound via its 3.5mm headphone jack to my Denon HEOS speakers."
youtube,Google Nest Mini,Google Nest Mini Review - 6 Months Later,"I just use it as a speaker in my bathroom, the only time I as it a question it‚Äôs usually weather related"
youtube,Google Nest Mini,Google Nest Mini Review - 6 Months Later,Be a man and clip those fingernails...
youtube,Google Nest Mini,Google Nest Mini Review - 6 Months Later,"they are garbage, and useless. i have a radio. and a cell phone. and hands. guess i'm lucky."
youtube,Google Nest Mini,Google Nest Mini Review - 6 Months Later,how do i connect to settings i have apple music
youtube,Google Nest Mini,Google Nest Mini Review - 6 Months Later,does Kasa bulbs work with Nest mini? cuz they work on the google pixel
youtube,Google Nest Mini,Google Nest Mini Review - 6 Months Later,keeps on asking you tube music subscription...dont buy if u dont want to pay for premium service.
youtube,Google Nest Mini,Google Nest Mini Review - 6 Months Later,It's a piece of junk it doesn't work.
youtube,Google Nest Mini,Google Nest Mini Review - 6 Months Later,Google nest mini is utterly crap.i
youtube,Google Nest Mini,Google Nest Mini Review - 6 Months Later,"It's crap,it doesn't work."
youtube,Google Nest Mini,Google Nest Mini Review - 6 Months Later,"This piece of junk doesn't work,nest mini is junk."
youtube,Google Nest Mini,Google Nest Mini Review - 6 Months Later,Google nest Mini is CRAP
youtube,Google Nest Mini,Google Nest Mini Review - 6 Months Later,"Josh‚Äôs bathroom speaker. Yeah, I see myself doing that ü§î"
youtube,Google Nest Mini,Google Nest Mini Review - 6 Months Later,Should be illegal to call this device Smart!
youtube,Google Nest Mini,Google Nest Mini Review - 6 Months Later,"I don't get it. What's the point of this thing if any android does the same things with ""ok google""."
youtube,Google Nest Mini,Google Nest Mini Review - 6 Months Later,This product is a inconsistent inconvenient sooo lame
youtube,Google Nest Mini,Google Nest Mini Review - 6 Months Later,Thing is terrible lol
youtube,Google Nest Mini,Google Nest Mini Review - 6 Months Later,"The mini is not compatible with many home routers supplied by their ISP's at least here in the UK , I  had nothing but problems setting mine up I am pretty competent with IT talked with google this is partly what they say Disable: AP / client isolation, virtual private networks (VPNs), proxy servers, IGMP Proxy. VPNs and proxy servers should be disabled on your computer as well (if applicable).in short Google wants you to purchase their routers their products, to go through all this nonsense ,  nah what I have now is two hockey pucks,  lool  I don't have proxy servers running or vpn's but the ap is not an option on the router, now If I purchase a google router it should work, that's the idea, upselling"
youtube,Google Nest Mini,Google Nest Mini Review - 6 Months Later,Flipkart just gave me it free with a mobile
youtube,Google Nest Mini,Google Nest Mini Review - 6 Months Later,You can do Apple Music
youtube,Google Nest Mini,Google Nest Mini Review - 6 Months Later,"5:26 ""Sexy time"" - 3 actions"
youtube,Google Nest Mini,Google Nest Mini Review - 6 Months Later,Hey Google you have to say all the time
youtube,Google Nest Mini,Google Nest Mini Review - 6 Months Later,"I just bought one, and I can't believe this devices don't have a battery to function. I mean, great technology, sure, inside a freaking primitive appliance."
youtube,Google Nest Mini,Google Nest Mini Review - 6 Months Later,"Google nest mini is total crap,just like the Google home app,both useless and unusable.,nest mini is only fit to have the cable cut off and use as a paperweight."
youtube,Google Nest Mini,Google Nest Mini Review - 6 Months Later,Disconnects daily.   Useless unless you want to have to set up afresh every day.
youtube,Google Nest Mini,Google Nest Mini Review - 6 Months Later,Everyone‚Äôs getting them with YouTube Premium and Spotify And Pandora but I got mine from a hardware store
youtube,Google Nest Mini,Google Nest Mini Review - 6 Months Later,"I just bought one today, and I've had spotify premium for about five years now ... Im mad"
youtube,Google Nest Mini,Google Nest Mini Review - 6 Months Later,Do I necessarily need a Spotify premium to listen to music?
youtube,Google Nest Mini,Google Nest Mini Review - 6 Months Later,I like that the songs perfectly transitioned from speaker to speaker. it makes it easier to compare
youtube,Google Nest Mini,Google Nest Mini Review - 6 Months Later,"Constantly disconnects, pauses and does all sorts of random things. Can't use it as a Bluetooth speaker either. It's a dumb smart speaker"
youtube,Google Nest Mini,Google Nest Mini Review - 6 Months Later,5:19 What the heck is 'sexy time' doing in the routines?
youtube,Google Nest Mini,Google Nest Mini Review - 6 Months Later,I got it for free but gonna sell it. Already have a speaker
youtube,Google Nest Mini,Google Nest Mini Review - 6 Months Later,*you look like randomfrankp*
youtube,Google Nest Mini,Google Nest Mini Review - 6 Months Later,can i still play music on a nest mini if my phone is on downtime?
youtube,Google Nest Mini,Google Nest Mini Review - 6 Months Later,8:24 Yeah... WELCOME TO AN ADHD PERSON'S WORLD
youtube,Google Nest Mini,Google Nest Mini Review - 6 Months Later,Reading the comments got me mad cus I've been a subscriber of spotify and yt premium for years and didn't get a nest mini for free bruh
youtube,Google Nest Mini,Google Nest Mini Review - 6 Months Later,People saying they got one üò≠I have been a premium member for a year why didn't I get this???
youtube,Google Nest Mini,Google Nest Mini Review - 6 Months Later,Just got one for free at Christmas . Not sure if I want any more ‚Äúsmart‚Äù technology intruding into my home to be honest. Right now it‚Äôs still in the box and ready to dump. What would the likes of Edward Snowden think of this device?????
youtube,Google Nest Mini,Google Nest Mini Review - 6 Months Later,wake up ppl they give this thing for free bc this way they can hear everything u say in your home all your conversations are being monitored by google..
youtube,Google Nest Mini,$70 Google Nest Mini #google #nestmini #budget,Amazing things lmao. Yeah bro im pretty sure we're passed the alarm is an amazing invention fase
youtube,Google Nest Mini,$70 Google Nest Mini #google #nestmini #budget,Link to Duck Duck so it works as a search engine.
youtube,Google Nest Mini,$70 Google Nest Mini #google #nestmini #budget,Why do you have the Google nest mini outside? Is it waterproof
youtube,Google Nest Mini,$70 Google Nest Mini #google #nestmini #budget,I got a Google Nest Audio (a bigger version of the mini) for like $40 at Walmart because it was on clearance.
youtube,Google Nest Mini,$70 Google Nest Mini #google #nestmini #budget,10 dollars used on mercari
youtube,Google Nest Mini,$70 Google Nest Mini #google #nestmini #budget,100 dollars where I live
youtube,Google Nest Mini,$70 Google Nest Mini #google #nestmini #budget,Is that epic game that I see on a MacOS  what are you gonna be installing? Because I know it's not Fortnite.
youtube,Google Nest Mini,$70 Google Nest Mini #google #nestmini #budget,"In my country the economy is super broken, yet for 75 bucks you can get a 2 gen google nest hub"
youtube,Google Nest Mini,$70 Google Nest Mini #google #nestmini #budget,Why would i need this? i have a phone
youtube,Google Nest Mini,$70 Google Nest Mini #google #nestmini #budget,Aa so it does the same things as my phone?
youtube,Google Nest Mini,Google Nest Mini (2019) | Setup &amp; Review,"Whats the IP rating? Is it good to use in the bathroom? 
( _not in the shower_ )"
youtube,Google Nest Mini,Google Nest Mini (2019) | Setup &amp; Review,2019 GOOGLE NEST MINI TECH SPURT
youtube,Google Nest Mini,Google Nest Mini (2019) | Setup &amp; Review,I bought this thinking this is wireless no way u need to have it plugged in
youtube,Google Nest Mini,Google Nest Mini (2019) | Setup &amp; Review,None of it is silicone right??
youtube,Google Nest Mini,Google Nest Mini (2019) | Setup &amp; Review,"Not worth it anymore, google is getting dumber by the day"
youtube,Google Nest Mini,Google Nest Mini (2019) | Setup &amp; Review,"Can Google Nest Mini Hands-Free Smart Speaker, 2nd Gen be used with google nest camera doorbell?"
youtube,Google Nest Mini,Google Nest Mini (2019) | Setup &amp; Review,"Hey great video, First time here and NICLY done.. AT&T just sent me one for FREE and I'm thinking about selling or keeping it.. After watching I will sell it. I don't want a device to hear my thoughts, feeling, world.. I like my privacy"
youtube,Google Nest Mini,Google Nest Mini (2019) | Setup &amp; Review,"Google mini is the worst purchase I ever made.  AI?  How about Artificial Stupidity?  I've owned it for years.  Once in a while, it deletes an alarm you set without it warning you.  So don't count on it.   The speaker is terrible for music...""it sounds better"" than listening to a tin can attached to a string.  Don't buy it."
youtube,Google Nest Mini,Google Nest Mini (2019) | Setup &amp; Review,Yea i will passed on this ü§®
youtube,Google Nest Mini,Google Nest Mini (2019) | Setup &amp; Review,Do we have to have WiFi to use this?? or is it normal!! Like we dont need the WiFi!!!
youtube,Google Nest Mini,Google Nest Mini (2019) | Setup &amp; Review,This thing is a piece of garbage. Dont buy one
youtube,Google Nest Mini,Google Nest Mini (2019) | Setup &amp; Review,"Ni build in battery üòÇüòÇüòÇüòÇüòÇ
Everything had a battery
What are they doing üò¢"
youtube,Google Nest Mini,Google Nest Mini (2019) | Setup &amp; Review,Can we have radio on it?
youtube,Google Nest Mini,Google Nest Mini (2019) | Setup &amp; Review,Does anyone know how to do 2different ones together or is it a case of buying two and connecting them together?
youtube,Google Nest Mini,Google Nest Mini (2019) | Setup &amp; Review,Hi can I ask what should I do to my Google nest mini 2 because it continue to disconnect to my phone
youtube,Google Nest Mini,Google Nest Mini (2019) | Setup &amp; Review,I actually bought one like two days ago and it‚Äôs going to be delivered on Wednesday or Thursday. So I figured I‚Äôd watch some reviews
youtube,Google Nest Mini,Google Nest Mini (2019) | Setup &amp; Review,"Just got this, the same colour 2nd gen"
youtube,Google Nest Mini,Google Nest Mini (2019) | Setup &amp; Review,Do you need wifi for this? Or can you just use data
youtube,Google Nest Mini,Google Nest Mini (2019) | Setup &amp; Review,How do I get youtube music history.
youtube,Google Nest Mini,Google Nest Mini (2019) | Setup &amp; Review,"A positive product advertisement 
No mention of set up issues 
Misleading for sure"
youtube,Google Nest Mini,Google Nest Mini (2019) | Setup &amp; Review,Who is here because they didn't get this out of nobody.
youtube,Google Nest Mini,Google Nest Mini (2019) | Setup &amp; Review,Can the nest answer a call?
youtube,Google Nest Mini,Google Nest Mini (2019) | Setup &amp; Review,I‚Äôm here because I got one free when I bought a tv üòÉ
youtube,Google Nest Mini,Google Nest Mini (2019) | Setup &amp; Review,Whos here caz got it for ‚Çπ1 from flipkart on purchase of your new Pixel phoneüòÇ
youtube,Google Nest Mini,Google Nest Mini (2019) | Setup &amp; Review,"Lol, when you said ""Hey Google, what's the weather like today it launched it on my phone and told me the weather. 
I get mine for free on Saturday"
youtube,Google Nest Mini,Google Nest Mini (2019) | Setup &amp; Review,what a wanker !  people want to know how to use the thing and here you are talking about what color it comes in.  what a waste of time  I wish i could give 100000 thumbs down !
youtube,Google Nest Mini,Google Nest Mini (2019) | Setup &amp; Review,I love the design and colour!
youtube,Google Nest Mini,Google Nest Mini (2019) | Setup &amp; Review,Ok this stupid thing wont work the way I want it to. I believe others in the apartment have their own and as a result it keeps trying to connect to theirs or to other people's phones who dont even use google home. How do I private it so NOBODY can see or interact with my music? I want to listen to my shit but it always seems to turn off and looks like its connecting to other devices. My roommate was complaining that something kept popping up but idk if that was me or not. Ive tried googling for hours but cant find answers to my questions
youtube,Google Nest Mini,Google Nest Mini (2019) | Setup &amp; Review,I have the same exactly one even the same color
youtube,Google Nest Mini,Google Nest Mini (2019) | Setup &amp; Review,mine doesn‚Äôt have the four dotes when you plug it in‚Ä¶
youtube,Google Nest Mini,Google Nest Mini (2019) | Setup &amp; Review,Just wondering if it responds to random conversation for Google nest since you said that there is machine learning
youtube,Google Nest Mini,Google Nest Mini (2019) | Setup &amp; Review,What kind of phone were you using?
youtube,Google Nest Mini,Google Nest Mini (2019) | Setup &amp; Review,which phone are you holding?
youtube,Google Nest Mini,Google Nest Mini (2019) | Setup &amp; Review,Thank you for finding me deeply desirable :')
youtube,Google Nest Mini,Google Nest Mini (2019) | Setup &amp; Review,I bet the people who paid ¬£49 feel robbed at its new price of ¬£19.
youtube,Google Nest Mini,Google Nest Mini (2019) | Setup &amp; Review,There are no dislikes
youtube,Google Nest Mini,Google Nest Mini (2019) | Setup &amp; Review,sounds accessible for registered blind people
youtube,Google Nest Mini,Google Nest Mini (2019) | Setup &amp; Review,Can this play any FM radio? Do I need YouTube premium or spotify to listening music?
youtube,Google Nest Mini,Google Nest Mini (2019) | Setup &amp; Review,"After a while I started to use it there are major issues with it, 
~ restarting every week from app and I need to pair again (hard reset didn‚Äôt help)
~ stream reading error, only first 10 sec are loaded from spottfify (hard reset helps )
~ loosing all devices connected, for example philips lights
IMHO it‚Äôs not ready as a product."
youtube,Google Nest Mini,Google Nest Mini (2019) | Setup &amp; Review,Why does that remind me of a giant macaroon ?  But still...considering this or Amazon Echo.
youtube,Google Nest Mini,Google Nest Mini (2019) | Setup &amp; Review,Can't play music because of copyright stupid world is not a free world is not
youtube,Google Nest Mini,Google Nest Mini (2019) | Setup &amp; Review,Apparently everyone got a free one ü§∑üèæ‚Äç‚ôÇÔ∏è
youtube,Google Nest Mini,Google Nest Mini (2019) | Setup &amp; Review,"Can't you mute ""OK Google"" in your video? Sure you aware about others viewers may have some Google devices on the room ü§î"
youtube,Google Nest Mini,Google Nest Mini (2019) | Setup &amp; Review,"Nest mini is crap,just like the Google home app."
youtube,Google Nest Mini,Google Nest Mini (2019) | Setup &amp; Review,"Can I have multi user in different devices run the google home mini? Like my wife's phone, my son tablet etc.?"
youtube,Google Nest Mini,Google Nest Mini (2019) | Setup &amp; Review,I use it as a paperweight.
youtube,Google Nest Mini,Google Nest Mini (2019) | Setup &amp; Review,I just want to know what it‚Äôs for üò© like what does it do?
youtube,Google Nest Mini,Google Nest Mini (2019) | Setup &amp; Review,"I came here because I found one in my local electrical recycling bin.  I fished it out because I had no idea what it was and I was curious to find out what it was.  I set it up and it works fine so that was lucky, I don't know why somebody discarded it."
youtube,Google Nest Mini,Google Nest Mini (2019) | Setup &amp; Review,"Who‚Äôs actually here because they paid for it and is lazy to read the manual? 
(lol p.s. I‚Äôm sad that I didn‚Äôt get mine for free haha heartbreaks*)"
youtube,Google Nest Mini,Google Nest Mini (2019) | Setup &amp; Review,why is everyone getting theirs for free i had to pay for mine üò≠
youtube,Google Nest Mini,Google Nest Mini (2019) | Setup &amp; Review,I just got mine January 2021 ü§ó
youtube,Google Nest Mini,Google Nest Mini (2019) | Setup &amp; Review,Everyone got theirs for free while i got mine for $50 üíÄ
youtube,Google Nest Mini,Google Nest Mini (2019) | Setup &amp; Review,Definitely buying a Google Nest Mini Whenever I get a Chance and I can't Wait üòÅ
youtube,Google Nest Mini,Google Nest Mini (2019) | Setup &amp; Review,Hating it so far...it was a gift...think I'll pass it on as even the app is too hard to find!!!  What use is it???
youtube,Google Nest Mini,Google Nest Mini (2019) | Setup &amp; Review,Jokes on you I got alexa 2020 (4thgen
youtube,Google Nest Mini,Google Nest Mini (2019) | Setup &amp; Review,mine won‚Äôt speak back!
youtube,Google Nest Mini,Google Nest Mini (2019) | Setup &amp; Review,"How do I get it to work through the speaker instead of through the phone? I thought it worked as a speaker, too!"
youtube,Google Nest Mini,Google Nest Mini (2019) | Setup &amp; Review,Do you need wifi to use it?
youtube,Google Nest Mini,Google Nest Mini (2019) | Setup &amp; Review,This device is a bag of shit....no built in battery ....instant fail
youtube,Google Nest Mini,Google Nest Mini (2019) | Setup &amp; Review,"mine arrived today, I got for free from Spotify premium üòÄI like so far, although I had to wait a long time for it to arrive"
youtube,Google Nest Mini,Google Nest Mini (2019) | Setup &amp; Review,Thank you. Love your reviews.  Entertaining and to the point.  Great review. Thank you for the help. :)
youtube,Google Nest Mini,Google Nest Mini (2019) | Setup &amp; Review,I feel like I‚Äôm the only one who paid for mine
youtube,Google Nest Mini,Google Nest Mini (2019) | Setup &amp; Review,Who is here because they don‚Äôt buy any premiums and want everything free. But bought the mini and want to set up lol
youtube,Google Nest Mini,Google Nest Mini (2019) | Setup &amp; Review,Everybody here got it free from somewhere wtf :((
youtube,Google Nest Mini,Google Nest Mini (2019) | Setup &amp; Review,Who is here because the got one free from SiriusXM?
youtube,Google Nest Mini,Google Nest Mini (2019) | Setup &amp; Review,At Kohl's they have it for $18.00 I'm waiting to get paid to buy me one before they go back to $49.99
youtube,Google Nest Mini,Google Nest Mini (2019) | Setup &amp; Review,Who all here cause they stole one üòÇü§´üíØ
youtube,Google Nest Mini,Google Nest Mini (2019) | Setup &amp; Review,Thanks for the great videos. Can you connect the Mini to your chromebook as a wireless speaker and can you do two possibly?
youtube,Google Nest Mini,Google Nest Mini (2019) | Setup &amp; Review,No one is gonna mention the evangelion wallpaper? No? Ok.
youtube,Google Nest Mini,Google Nest Mini (2019) | Setup &amp; Review,Who‚Äôs here because they actually bought one
youtube,Google Nest Mini,Google Nest Mini (2019) | Setup &amp; Review,Super cool i got mine also
youtube,Google Nest Mini,Google Nest Mini (2019) | Setup &amp; Review,I got a free one from sirius xm
youtube,Google Nest Mini,Google Nest Mini (2019) | Setup &amp; Review,silly change to get rid of the micro usb.
youtube,Google Nest Mini,Google Nest Mini (2019) | Setup &amp; Review,Who's here because they got a free one from Pandora
youtube,Google Nest Mini,Google Nest Mini (2019) | Setup &amp; Review,"I'm thinking about buying a Google Nest Mini whenever I get a Chance, it's a good thing that Christmas is Coming Up"
youtube,Google Nest Mini,Google Nest Mini (2019) | Setup &amp; Review,I got mine free from a school bank thing
youtube,Google Nest Mini,Google Nest Mini (2019) | Setup &amp; Review,Here because I got a free one from Pandora !! Thanks Pandora ‚ô•Ô∏è
youtube,Google Nest Mini,Google Nest Mini (2019) | Setup &amp; Review,who is here after they got one free from pandora
youtube,Google Nest Mini,Google Nest Mini (2019) | Setup &amp; Review,"Everyone here for some premium shit, bitch I‚Äôm here because my best friend‚Äôs mom gave it to me for free üëÅüëÑüëÅ"
youtube,Google Nest Mini,Google Nest Mini (2019) | Setup &amp; Review,Who's here because they got one of these and it helps with not talking to yourself all the time because you know you're being recorded so it either helps or makes talking to yourself worse peace out
youtube,Google Nest Mini,Google Nest Mini (2019) | Setup &amp; Review,Who is here because of 'web and app activity'.
youtube,Google Nest Mini,Google Nest Mini (2019) | Setup &amp; Review,"Total crap and espionage device... F**** Google devices,, it collect sensitive personal data without your consent! How gangster  is that üò†üòà"
youtube,Google Nest Mini,Google Nest Mini (2019) | Setup &amp; Review,"My mission in life is to ""dislike"" any video where anyone says this ""bad-boy""!"
youtube,Google Nest Mini,Google Nest Mini (2019) | Setup &amp; Review,"Who is here because they didn't get a free one from Spotify, as they'd run out, then had to buy one?‚òπÔ∏è"
youtube,Google Nest Mini,Google Nest Mini (2019) | Setup &amp; Review,Lol. Mine arrived today
youtube,Google Nest Mini,Google Nest Mini (2019) | Setup &amp; Review,Where are my Spotify premium gang at?
youtube,Google Nest Mini,Google Nest Mini (2019) | Setup &amp; Review,Just placed my order for my free one from SiriusXM.
youtube,Google Nest Mini,Google Nest Mini (2019) | Setup &amp; Review,‚ÄúWho is here because they got a free one from...‚Äù SHUT THE FUCK UP
youtube,Google Nest Mini,Google Nest Mini (2019) | Setup &amp; Review,Why did Spotify give us this for free ü§î
youtube,Google Nest Mini,Google Nest Mini Review,"Bro, you‚Äôre being too hard on this great entry-level device"
youtube,Google Nest Mini,Google Nest Mini Review,All negative review hahaha
youtube,Google Nest Mini,Google Nest Mini Review,bro sometimes you have to look at the positive side dude
youtube,Google Nest Mini,Google Nest Mini Review,Got it for free care less if it sucks
youtube,Google Nest Mini,Google Nest Mini Review,Thought this was faze apex
youtube,Google Nest Mini,Google Nest Mini Review,"Uh, there is a bass difference try the eq"
youtube,Google Nest Mini,Google Nest Mini Review,"Honestly I don‚Äôt mind the look 
Try finding volume controls in the dark with an echo

And also they added a feature where if your hand gets near it it will turn on the light"
youtube,Google Nest Mini,Google Nest Mini Review,"Regarding the cable colour and wall mounting... People are more likely to have a white wall than black. 
Also ""why didn't they include usb c long wire ?"" 
You can just as easily by a longer micro USB cable instead of an ""ugly extension adapter""...
Lots of nitpicking here"
youtube,Google Nest Mini,Google Nest Mini Review,You actually reviewed it really bad on purpose which the google nest is actually amazing you just don‚Äôt know how to use it
youtube,Google Nest Mini,Google Nest Mini Review,I had the google mini & upgraded to the nest mini.I love it but my only pet peeve with the nest is to wake it up after every question.... hey google what time is it ? hey google whats the Temp etc pretty annoying.Unless there is something i'm missing ?
youtube,Google Nest Mini,Google Nest Mini Review,I got my freebie today. It still has the lag problem when casting for video's as the Google Audio had.
youtube,Google Nest Mini,Google Nest Mini Review,"I got one coming for free. As I am a YouTube premium subscriber, I was given one as a present)"
youtube,Google Nest Mini,Google Nest Mini Review,i like it not a mumble right guys
youtube,Google Nest Mini,Google Nest Mini Review,Excellent review. Thanks.
youtube,Google Nest Mini,Google Nest Mini Review,NO! STOP TRYING TO GET THESE DEVIL POTS INTO MY HOME!
youtube,Google Nest Mini,Google Nest Mini Review In Hindi | Best Mini Speaker,"Dosto video achi lage to video ko like aur apne friends ke sath share kare. Ye rahe video ke timestamps
00:00 Unboxing
01:56 In Depth Review
03:06 Setup
04:09 Controls
04:34 Google Assistant Demo
05:42 Sound Demo
06:44 Bluetooth Paring 
07:12 Hindi 
07:32 Smart Home Accessories
07:49 Wipro Garnet LED Bulb Unboxing 
08:35 Bulb Setup
09:22 Smart Bulb Demo
10:00 Routines"
youtube,Google Nest Mini,Google Nest Mini Review In Hindi | Best Mini Speaker,"Bro my assistant is firing when you say ok Google
Jab mai bolu to sunti nahiüòÇ"
youtube,Google Nest Mini,Google Nest Mini Review In Hindi | Best Mini Speaker,Volume up karne se power off ho jata h üò¢ please solution bata do nnnüòä
youtube,Google Nest Mini,Google Nest Mini Review In Hindi | Best Mini Speaker,"Best review ever bro.. kaafi mehnat and search baad ye video banaya hai ye pata chalta hai...
Every information is covered in this review.
Thanks."
youtube,Google Nest Mini,Google Nest Mini Review In Hindi | Best Mini Speaker,Sir isko rest krna ho to kese kare qki isme koi switch najar nhi aa raha h
youtube,Google Nest Mini,Google Nest Mini Review In Hindi | Best Mini Speaker,Which phone are you using in this video?
youtube,Google Nest Mini,Google Nest Mini Review In Hindi | Best Mini Speaker,Kitne watt ka hai speaker.......
youtube,Google Nest Mini,Google Nest Mini Review In Hindi | Best Mini Speaker,"*I like the old style Echo Dot because it's small also **Newest.Technology**, gives out decent sound and doesn't take up a lot of shelf space if you want to put it on beam in the workshop or shed.*"
youtube,Google Nest Mini,Google Nest Mini Review In Hindi | Best Mini Speaker,Can you link the product here? Also can we play radio FM from phone on this speaker? My boat speakers don't play radio from phone
youtube,Google Nest Mini,Google Nest Mini Review In Hindi | Best Mini Speaker,Bhai es ke appna battery ha kya ka charg raglar la kar rakha parta ha
youtube,Google Nest Mini,Google Nest Mini Review In Hindi | Best Mini Speaker,Kya mini nest ko second mobile se connect kar sakte hai
youtube,Google Nest Mini,Google Nest Mini Review In Hindi | Best Mini Speaker,Price kya hai Iska google mini ka
youtube,Google Nest Mini,Google Nest Mini Review In Hindi | Best Mini Speaker,bought Google pixel 4a but got this for 1rs on offer will arrive Tomorrow excited üòç
youtube,Google Nest Mini,Google Nest Mini Review In Hindi | Best Mini Speaker,"Sir aapke dwara btaya gaya description bhut Acha lga. Big thanks sir
Ek baat aur puchni h sir aapse
Ise Bluetooth se connect krne ke bad call pr baat kyu nhi ho pa rhi h is speaker ke through"
youtube,Google Nest Mini,Google Nest Mini Review In Hindi | Best Mini Speaker,Y porra Wikipedia read kar skta h kya
youtube,Google Nest Mini,Google Nest Mini Review In Hindi | Best Mini Speaker,Can we use Bluetooth with this
youtube,Google Nest Mini,Google Nest Mini Review In Hindi | Best Mini Speaker,kya hm iske through ghar me broadcast message de skte hai
youtube,Google Nest Mini,Google Nest Mini Review In Hindi | Best Mini Speaker,Main isko 499 rupaye mein liya hun
youtube,Google Nest Mini,Google Nest Mini Review In Hindi | Best Mini Speaker,Google ke jagah dusra naam set Nahi kar sakte kya ???
youtube,Google Nest Mini,Google Nest Mini Review In Hindi | Best Mini Speaker,Phone ke wifi se ya hosport ya bluetooth se use kar sakte hai ya nhi... Google mini....plz help me sir
youtube,Google Nest Mini,Google Nest Mini Review In Hindi | Best Mini Speaker,Bhai Google home ki v connect guide banao naa
youtube,Google Nest Mini,Google Nest Mini Review In Hindi | Best Mini Speaker,"Mane ve lya hai lay kin 
Woo song play ni krta"
youtube,Google Nest Mini,Google Nest Mini Review In Hindi | Best Mini Speaker,Bhai Radio chl skta ispe direct?
youtube,Google Nest Mini,Google Nest Mini Review In Hindi | Best Mini Speaker,"Does nest mini has its own hub like nest hub?

In my nest mini Device.. it gives me wifi connection (as a hub does) of its own...
Plzz tell me..."
youtube,Google Nest Mini,Google Nest Mini Review In Hindi | Best Mini Speaker,BHAI DO WE NEED ANY KIND OF SUBSCRIPTION TO LISTEN TO MUSIC ON YOUTUBE OR SPOTIFY
youtube,Google Nest Mini,Google Nest Mini Review In Hindi | Best Mini Speaker,Google Nest Mini is unable to extract stock prices from NSE and BSE.. request you to kindly provide the solution
youtube,Google Nest Mini,Google Nest Mini Review In Hindi | Best Mini Speaker,Bhai kitna earn hota hain tumhare channel se
youtube,Google Nest Mini,Google Nest Mini Review In Hindi | Best Mini Speaker,1300‚Çπ ‡§ï‡§æ ‡§Æ‡§ø‡§≤ ‡§∞‡§π‡§æ ‡§π‡•à‡•§ Alexa ‡§™‡§π‡§≤‡•á ‡§∏‡•á ‡§π‡•à ‡§Æ‡•á‡§∞‡•á ‡§™‡§æ‡§∏‡•§ ‡§ï‡•ç‡§Ø‡§æ ‡§Ø‡•á ‡§≠‡•Ä ‡§≤‡•á ‡§≤‡•Ç‡§Å ‡§∏‡§π‡•Ä deal ‡§∞‡§π‡•á‡§ó‡•Ä‡•§
youtube,Apple HomePod Mini,"HomePod Mini Review: Big Sound, Tiny Box!",Google Home is absolute trash.
youtube,Apple HomePod Mini,"HomePod Mini Review: Big Sound, Tiny Box!",This will be better with the new Gemini based siri
youtube,Apple HomePod Mini,"HomePod Mini Review: Big Sound, Tiny Box!","Apple wireless mini Express router A1392. 
Any subwoofer can be plugged into the mini jack input of the router, which allows airplay. 
Minis are setup for bass reduction. 
One mini is center speaker across the room facing my couch, other two minis are paired and setup as stereo on left and right sides of my couch. 
Awesome sound. 
Like that I can play any content thru my tv, iPad, iPhone."
youtube,Apple HomePod Mini,"HomePod Mini Review: Big Sound, Tiny Box!",Siri is horrible bro....like you need to be honest on that part
youtube,Apple HomePod Mini,"HomePod Mini Review: Big Sound, Tiny Box!",Sound quality is the most important thing to me and it passes üòä
youtube,Apple HomePod Mini,"HomePod Mini Review: Big Sound, Tiny Box!",One of the better purchases I‚Äôve made in a long time
youtube,Apple HomePod Mini,"HomePod Mini Review: Big Sound, Tiny Box!",here after the studio video
youtube,Apple HomePod Mini,"HomePod Mini Review: Big Sound, Tiny Box!",I think this was the most helpful review video I've watch in my life! Thanks!
youtube,Apple HomePod Mini,"HomePod Mini Review: Big Sound, Tiny Box!",Ithink it pretty good  only as speaker & smart home things üëç
youtube,Apple HomePod Mini,"HomePod Mini Review: Big Sound, Tiny Box!",Did this guy ever play a song?
youtube,Apple HomePod Mini,"HomePod Mini Review: Big Sound, Tiny Box!","4 years later, still no Spotify? ü•≤ü•≤"
youtube,Apple HomePod Mini,"HomePod Mini Review: Big Sound, Tiny Box!",Struggling with this little one 4 years later...
youtube,Apple HomePod Mini,"HomePod Mini Review: Big Sound, Tiny Box!",3:47 Thank you for activating Siri on my sideüòÇ
youtube,Apple HomePod Mini,"HomePod Mini Review: Big Sound, Tiny Box!",¬£99 is very worth it though
youtube,Apple HomePod Mini,"HomePod Mini Review: Big Sound, Tiny Box!",Privacy is also better in the Apple ecosystem compared to google etc
youtube,Apple HomePod Mini,"HomePod Mini Review: Big Sound, Tiny Box!","Anyone here in 2024, because it still keep‚Äôs disconnecting?‚Ä¶‚Ä¶!"
youtube,Apple HomePod Mini,"HomePod Mini Review: Big Sound, Tiny Box!","3 years later, I believe Homepod mini is the only one with free smoke / co alarm detection, which is the sole reason I am getting one."
youtube,Apple HomePod Mini,"HomePod Mini Review: Big Sound, Tiny Box!",So you get a power brick in a $100 smart speaker but not a $1000 phone???
youtube,Apple HomePod Mini,"HomePod Mini Review: Big Sound, Tiny Box!",Except it isn't smart it's dumb
youtube,Apple HomePod Mini,"HomePod Mini Review: Big Sound, Tiny Box!","""The dumbest smart speaker"" is not homepod, it's your mom"
youtube,Apple HomePod Mini,"HomePod Mini Review: Big Sound, Tiny Box!","Thanks! I will buy it now then. Your review game me a lot of clarity,"
youtube,Apple HomePod Mini,"HomePod Mini Review: Big Sound, Tiny Box!","still got it in 2024 in my bedroom, sounds perfect to me"
youtube,Apple HomePod Mini,"HomePod Mini Review: Big Sound, Tiny Box!",Sound quality is always the priority.  Then price and last is smartness of a speaker.
youtube,Apple HomePod Mini,"HomePod Mini Review: Big Sound, Tiny Box!",i really wish that homepod mini can be used as windows PC speaker without lags or third party software........................................................................
youtube,Apple HomePod Mini,"HomePod Mini Review: Big Sound, Tiny Box!",My Siri went off when he said Siri :) 0:38
youtube,Apple HomePod Mini,"HomePod Mini Review: Big Sound, Tiny Box!",can homepod mini link to my tv speaker?
youtube,Apple HomePod Mini,"HomePod Mini Review: Big Sound, Tiny Box!",I like the ecosystem and also the security on Apple verse the other platforms
youtube,Apple HomePod Mini,"HomePod Mini Review: Big Sound, Tiny Box!",Great job exactly what I was looking for in a review!!!!!
youtube,Apple HomePod Mini,"HomePod Mini Review: Big Sound, Tiny Box!","Least favorite Apple product. Had 2 in stereo pair and they just sucked.¬†
Really bad. 
Sold them."
youtube,Apple HomePod Mini,"HomePod Mini Review: Big Sound, Tiny Box!",Can it be connected to more than one device at the same time?
youtube,Apple HomePod Mini,"HomePod Mini Review: Big Sound, Tiny Box!",only thing i hate is why smart speakers have wire ? like make then wireless
youtube,Apple HomePod Mini,"HomePod Mini Review: Big Sound, Tiny Box!","Instead of apple music, can you use it for youtube music too?"
youtube,Apple HomePod Mini,"HomePod Mini Review: Big Sound, Tiny Box!",i really wish i could be as excited as you about the home pods... a reissue or updated version of the original ipod hi-fi would be an instabuy tho
youtube,Apple HomePod Mini,"HomePod Mini Review: Big Sound, Tiny Box!",I wish your voice wasn‚Äôt so annoying. I‚Äôd love to watch your videos
youtube,Apple HomePod Mini,"HomePod Mini Review: Big Sound, Tiny Box!","In South Africa you can't use iTunes on the Google speakers (MI/Xiaomi has a wonderful speaker) but If you have an iPhone I would say rather you get the Apple HomePod. Also you can use Google speakers with Spotify and YouTube Music/ Premium ... I have seen on some videos that you can synchronise iTunes with Google nest speakers else where in the world, not in South Africa üò¢üò¢ this means that whether you get
Google nest or Apple HomePod it does matter in terms of flexibility it will depend on your phone or type of tv...of cause android phone users will not be able to use Apple HomePod unless they want to force themselves into buying an iphoneüòÇ..."
youtube,Apple HomePod Mini,"HomePod Mini Review: Big Sound, Tiny Box!","So, 3 years later, I wanna ask a stupid question. If we ignore the smart part of the device and we see it just as a speaker but not listening to Apple Music, could I just bluetooth / wifi connect it and listen to some music from youtube or watch a movie from netflix?"
youtube,Apple HomePod Mini,"HomePod Mini Review: Big Sound, Tiny Box!","Thanks, I chose a soundbar with $99"
youtube,Apple HomePod Mini,"HomePod Mini Review: Big Sound, Tiny Box!",Siri is finally catching up with Google and Alexa in 2024 she can speak in Hindi now
youtube,Apple HomePod Mini,"HomePod Mini Review: Big Sound, Tiny Box!",Swear I heard how shits are made lol
youtube,Apple HomePod Mini,"HomePod Mini Review: Big Sound, Tiny Box!",me with the alexa dot i got for free after buying a smart light bulb üßç
youtube,Apple HomePod Mini,"HomePod Mini Review: Big Sound, Tiny Box!",Does anyone else here like a fan in the background throughout the whole video?
youtube,Apple HomePod Mini,"HomePod Mini Review: Big Sound, Tiny Box!","I really really wish they can solve that 3 seconds lag issue. I cannot believe this is still happening in 2024. I know there is workaround to play music directly from safari but it literally does not work when I want to see the videos in higer resolution because whenever I connected to airplay, video quality is reduced to 720p. what a sh*t bug."
youtube,Apple HomePod Mini,"HomePod Mini Review: Big Sound, Tiny Box!","Hiii brother, for this must it always be plugged to the power source?"
youtube,Apple HomePod Mini,"HomePod Mini Review: Big Sound, Tiny Box!",So you cant use it if you use youtube music?
youtube,Apple HomePod Mini,"HomePod Mini Review: Big Sound, Tiny Box!","Nah, the worst purchase I have ever made. Most often no audio when I select it as the output source. When it does play it lags. It needs resetting almost daily,"
youtube,Apple HomePod Mini,"HomePod Mini Review: Big Sound, Tiny Box!",I picked one up last week to play with while I‚Äôm saving up for two of the big HomePods for my home theater setup. Once I do I‚Äôll put the mini in the bedroom.
youtube,Apple HomePod Mini,"HomePod Mini Review: Big Sound, Tiny Box!","The smaller the size of the speaker, the higher the design and technical requirements will be, otherwise it will be difficult to achieve stunning sound quality."
youtube,Apple HomePod Mini,"HomePod Mini Review: Big Sound, Tiny Box!","I love apple products but also love MUSIC and want a small speaker..
.
Just clear my doubt,, in this price segment *Is this the best sounding speaker?*"
youtube,Apple HomePod Mini,"HomePod Mini Review: Big Sound, Tiny Box!",Pick up yourselves a BEATS speaker and you‚Äôll be happy that you did without any complaints.
youtube,Apple HomePod Mini,"HomePod Mini Review: Big Sound, Tiny Box!",Nice I just got a home pod mini as a gift made my day as I def have some apple products and use them all the time can‚Äôt wait to set this up later!
youtube,Apple HomePod Mini,"HomePod Mini Review: Big Sound, Tiny Box!",It‚Äôs just work for apple music or it‚Äôs work for Spotify and‚Ä¶
youtube,Apple HomePod Mini,"HomePod Mini Review: Big Sound, Tiny Box!",fyi its not a box its more of a sphere
youtube,Apple HomePod Mini,"HomePod Mini Review: Big Sound, Tiny Box!",Why can‚Äôt they make it wireless?
youtube,Apple HomePod Mini,"HomePod Mini Review: Big Sound, Tiny Box!","once they make a bluetooth one, they can have my hard working riches üòÖ"
youtube,Apple HomePod Mini,"HomePod Mini Review: Big Sound, Tiny Box!",black plug is just common sense.  Who wears white converse sneakers with a black suit?  Who claps on 1 and 3?
youtube,Apple HomePod Mini,"HomePod Mini Review: Big Sound, Tiny Box!",Um this is not black it is space grey  üëÄ
youtube,Apple HomePod Mini,"HomePod Mini Review: Big Sound, Tiny Box!",Non removable power cable was a dealbreaker. Will not get a mini until they release a removable one.
youtube,Apple HomePod Mini,"HomePod Mini Review: Big Sound, Tiny Box!",can you set up automations to work on HomePod mini - like a nighttime routine or soundtrack when you say goodnight to it?
youtube,Apple HomePod Mini,"HomePod Mini Review: Big Sound, Tiny Box!",The only reason I have one is because it came free with my iPhone 15 pro purchase 11:02
youtube,Apple HomePod Mini,"HomePod Mini Review: Big Sound, Tiny Box!",Mine stops playing when watching videos or it disconnects when watching movies on hbo max
youtube,Apple HomePod Mini,"HomePod Mini Review: Big Sound, Tiny Box!",Is it worth it though?
youtube,Apple HomePod Mini,"HomePod Mini Review: Big Sound, Tiny Box!","If I need a small speaker for music on my home office desk, is this good for that? I like the idea of as seamless exprience as possible when switching between my audio output device. I am just wondering if it makes more sense to buy some kind of small JBL bluetooth speaker or this one? All my devices are Apple currently."
youtube,Apple HomePod Mini,"HomePod Mini Review: Big Sound, Tiny Box!",Thanks for this. Could a pair of HomePod mini speakers and Apple TV be a good replacement for my old 5.1 surround sound (through a Panasonic Blu-ray player)?
youtube,Apple HomePod Mini,"HomePod Mini Review: Big Sound, Tiny Box!",Anyone watch this and had Siri follow along with the two jokes and the intercom demo? My HomePod listened and now I have an intercom message with Marques' voice
youtube,Apple HomePod Mini,"HomePod Mini Review: Big Sound, Tiny Box!",i use a pair of Homepod Mini on Spotify and they are really good!! Fantastic sound!!
youtube,Apple HomePod Mini,"HomePod Mini Review: Big Sound, Tiny Box!",Does apple pay you for reviewing their product?
youtube,Apple HomePod Mini,"HomePod Mini Review: Big Sound, Tiny Box!",Dude i watched that intro like 3 or 4 times. Freakin sick
youtube,Apple HomePod Mini,"HomePod Mini Review: Big Sound, Tiny Box!","Buy a Bluetooth speaker instead,   This is a waste of money"
youtube,Apple HomePod Mini,"HomePod Mini Review: Big Sound, Tiny Box!","I've enjoyed my alexa but being that I have and iPhone, iPad, MacBook and and Apple Watch, I think the move to homepod will be helpful lol"
youtube,Apple HomePod Mini,"HomePod Mini Review: Big Sound, Tiny Box!",Wait.. so i have to have it done plugged in all the time ?
youtube,Apple HomePod Mini,"HomePod Mini Review: Big Sound, Tiny Box!",I love apple so much my favorite thing is HomePod mini ‚ù§(blue)üéâ
youtube,Apple HomePod Mini,"HomePod Mini Review: Big Sound, Tiny Box!","Another  expensive APPLE PRODUCT  waste of money ,   AND it‚Äôs just another way for Government to use Ô£ø TO SPY ON US THIS ALWAYS LISTENING SIRI.  NO THANKS"
youtube,Apple HomePod Mini,"HomePod Mini Review: Big Sound, Tiny Box!",little did he know it had a temp and humidity sensor...
youtube,Apple HomePod Mini,"HomePod Mini Review: Big Sound, Tiny Box!",Homekit is honestly worth the apple tax just to not have google/amazon creeping on my living room.
youtube,Apple HomePod Mini,"HomePod Mini Review: Big Sound, Tiny Box!","Underrated little speaker, use it everyday!"
youtube,Apple HomePod Mini,"HomePod Mini Review: Big Sound, Tiny Box!",Does it work alsow with spotify?
youtube,Apple HomePod Mini,"HomePod Mini Review: Big Sound, Tiny Box!",I‚Äôm getting the HomePod
youtube,Apple HomePod Mini,"HomePod Mini Review: Big Sound, Tiny Box!",Just ordered my mini speaker for free using a gift cardüòÖ can‚Äôt wait to try it outüëäüèΩ
youtube,Apple HomePod Mini,"HomePod Mini Review: Big Sound, Tiny Box!",So does Spotify work with it now I assume
youtube,Apple HomePod Mini,"HomePod Mini Review: Big Sound, Tiny Box!",I only use an iPad. Should I buy this thing?
youtube,Apple HomePod Mini,"HomePod Mini Review: Big Sound, Tiny Box!","Thanks for this video, has convinced me to get a pair.

George, Yorkshire, UK"
youtube,Apple HomePod Mini,"HomePod Mini Review: Big Sound, Tiny Box!",Bruh this video is setting off my homepod
youtube,Apple HomePod Mini,"HomePod Mini Review: Big Sound, Tiny Box!","I don‚Äôt trust Alexa, but I trust apple slightly more. I don‚Äôt like the feeling of having an Alexa‚Ä¶ even though I have one‚Ä¶"
youtube,Apple HomePod Mini,"HomePod Mini Review: Big Sound, Tiny Box!",Does that beam only work with Apple Music or can u has other music apps 5:25
youtube,Apple HomePod Mini,"HomePod Mini Review: Big Sound, Tiny Box!",Is Spotify compatible with it now?
youtube,Apple HomePod Mini,"HomePod Mini Review: Big Sound, Tiny Box!",I fall into kind of an odd micro-niche; I'm a firefighter (engineer rank) and I have my own private room at the station and I brought my AppleTV to hook up to my old plasma TV that I donated to the station. I'd kind of like to get a HomePod Mini to put next to my bed to enhance the sound in my bunk room a little bit. Thoughts? I figure for $99 it could be a good option simply because of ease of use with the AppleTV. I may give it a shot and if it doesn't work that great at the station I'll just bring it home and use it here.
youtube,Apple HomePod Mini,"HomePod Mini Review: Big Sound, Tiny Box!",Can I use it with Spotify?
youtube,Apple HomePod Mini,"HomePod Mini Review: Big Sound, Tiny Box!","I must say apple come out with stuff a lot later than other companies, but there is such a luxury feel and finish that apple creates with their products"
youtube,Apple HomePod Mini,"HomePod Mini Review: Big Sound, Tiny Box!",I went to your video to HOOK UP the pod! Don‚Äôt you think most people already have an iPhone or an iPad so HOW DO I CONNECT TO THE WI-FI? Waste of time my friend!!
youtube,Apple HomePod Mini,"HomePod Mini Review: Big Sound, Tiny Box!",üéÅ Google homepod Mimi ‚öñÔ∏èüì¨üìÆüèòÔ∏èüá®üá¶üéôÔ∏è
youtube,Apple HomePod Mini,"HomePod Mini Review: Big Sound, Tiny Box!",üì¶ Google homepod Mimi ‚öñÔ∏è
youtube,Apple HomePod Mini,"HomePod Mini Review: Big Sound, Tiny Box!",Google homepod Mimi ‚öñÔ∏èüá®üá¶üìÆüì¨üìßüì©üè∑Ô∏èüè∑Ô∏èüìâ‚öñÔ∏èüí∞üèòÔ∏èüéôÔ∏èüí∞üèòÔ∏èüõ´üßëüèª‚Äçüíºüßëüèª‚Äçüíºüßëüèª‚Äç‚úàÔ∏èüöö
youtube,Apple HomePod Mini,Is HomePod Mini Still Worth It in 2025?,"Dudes calling their wife ""partner"" lol... True beta move, bud."
youtube,Apple HomePod Mini,Is HomePod Mini Still Worth It in 2025?,"i use this daily, its cool"
youtube,Apple HomePod Mini,Is HomePod Mini Still Worth It in 2025?,"To be honest, not really said it does not work correctly and about the quality of the sun the Google Home speaker some actually pretty equal"
youtube,Apple HomePod Mini,Is HomePod Mini Still Worth It in 2025?,Honestly great review üòä
youtube,Apple HomePod Mini,Is HomePod Mini Still Worth It in 2025?,I have YouTube Music. Can I tell Siri to play music using YouTube Music?
youtube,Apple HomePod Mini,Is HomePod Mini Still Worth It in 2025?,Siri ously underwhelming smart functionality
youtube,Apple HomePod Mini,Is HomePod Mini Still Worth It in 2025?,This was one of the most honest reviews I've ever seen!
youtube,Apple HomePod Mini,Is HomePod Mini Still Worth It in 2025?,Off topic ‚Äî What‚Äôs the bracelet that you were wearing on your wrist? It looks great.
youtube,Apple HomePod Mini,Is HomePod Mini Still Worth It in 2025?,Any beta that refers to their girlfriend or wife as their ‚Äúpartner‚Äù should just turn in their man card.
youtube,Apple HomePod Mini,Is HomePod Mini Still Worth It in 2025?,One HomePod will overwhelm a pair of HomePod minis with a bigger rounder sound.
youtube,Apple HomePod Mini,Is HomePod Mini Still Worth It in 2025?,Thank you for the review. I really love the orange color! Ordered mine from Bestbuy too but it cost 99.99
youtube,Apple HomePod Mini,Is HomePod Mini Still Worth It in 2025?,3.9 inches tall exactly... how did you know this? Did you have something exactly that size to compare it to?
youtube,Apple HomePod Mini,Is HomePod Mini Still Worth It in 2025?,Should i go for homepod mini or jbl flip7?
youtube,Apple HomePod Mini,Is HomePod Mini Still Worth It in 2025?,you sir are really honest
youtube,Apple HomePod Mini,Is HomePod Mini Still Worth It in 2025?,A vid from one year ago that says 2025 why y‚Äôall lie
youtube,Apple HomePod Mini,Is HomePod Mini Still Worth It in 2025?,"If I'm listening to a broadcast on my phone thru my Rumble app, can I get the sound to come thru my Homepod mini?  Thank yoi."
youtube,Apple HomePod Mini,Is HomePod Mini Still Worth It in 2025?,Apple updates bricking and or breaking these devices. Google it !!
youtube,Apple HomePod Mini,Is HomePod Mini Still Worth It in 2025?,Great video! Can you use it as a Mac computer speaker? Not just to play music but to watch videos and other voice needs. No lag?
youtube,Apple HomePod Mini,Is HomePod Mini Still Worth It in 2025?,"Honestly you said ""honestly"" over 10 times in this review.

But honestly good review üòÖ"
youtube,Apple HomePod Mini,Is HomePod Mini Still Worth It in 2025?,"Stop saying ""honestly"" OVER AND OVER."
youtube,Apple HomePod Mini,Is HomePod Mini Still Worth It in 2025?,I am looking at this 'cause I can not decide between a JBL BT speaker or Homepod mini. Homepod mini I could use as TV speakers if and when I buy another one. Also it would be portable enough to bring it with me to garage if I wanted to. JBL would be easier to carry but I don't see myself carrying it anywhere outside my house. A con for JBL is also a battery that will degrade over time.
youtube,Apple HomePod Mini,Is HomePod Mini Still Worth It in 2025?,"The sound is good but siri on this speaker sucks. If you‚Äôre looking to buy it just for the speaker, it‚Äôs good. But if you‚Äôre gonna buy it to be used as a smart device, it aint smarter than amazon echo or google"
youtube,Apple HomePod Mini,Is HomePod Mini Still Worth It in 2025?,Probably a great house warming gift
youtube,Apple HomePod Mini,Is HomePod Mini Still Worth It in 2025?,When was the sale at best buy?
youtube,Apple HomePod Mini,Is HomePod Mini Still Worth It in 2025?,"The Apple HomePod is the biggest piece of crap. I love all my apple products but I regret buying this HomePod. It's too slow to respond, you have to scream to get it to answer, a constantly loses connection with the smart plugs, it doesn't interact well with Apple TV, whenever I ask a question it tells me to ask it again and unlock my phone. My Alexa echo dot always worked great, always responded quickly, never lost contact with the smart plugs and always answered all my questions, without having to go to my Alexa app on my phone! If there was a way I could get a refund for this piece of crap, I wish I could!"
youtube,Apple HomePod Mini,Is HomePod Mini Still Worth It in 2025?,There is another youtube video that I watched that has ten uses for the little speaker
youtube,Apple HomePod Mini,Is HomePod Mini Still Worth It in 2025?,I have a Mac mini and have been thinking about buying one of these. I often use voice dictation when I‚Äôm creating word documents. Can I use the speaker for that. The speaker on the Mac mini is too small to pick up voice dictation.
youtube,Apple HomePod Mini,Is HomePod Mini Still Worth It in 2025?,Great sound but terible connectivity. You get a delay if you want to use them on a mac. I find that truly shocking that Apple can't make a speaker that works on their own computers without lag? Truly a shame as I have a pair of these that work with my apple tv flawlessly and they sound great.
youtube,Apple HomePod Mini,Is HomePod Mini Still Worth It in 2025?,Can I connect to MacBook Air?
youtube,Apple HomePod Mini,Is HomePod Mini Still Worth It in 2025?,Can it act as alarm tho?
youtube,Apple HomePod Mini,Is HomePod Mini Still Worth It in 2025?,Need home wifi or just internet from iphone?
youtube,Apple HomePod Mini,Is HomePod Mini Still Worth It in 2025?,Of course still worth it. There is no new mini out dude
youtube,Apple HomePod Mini,Is HomePod Mini Still Worth It in 2025?,I absolutely love mine but I use it in a small room. Truly this 100 pod sounds as good more natural than my 15 year old Bose Wave radio and it was 400 dollars back then. It‚Äôs wonderful for creating an atmosphere in your house or apartment and you can use in multiple rooms.
youtube,Apple HomePod Mini,Is HomePod Mini Still Worth It in 2025?,"Great review, I have a pair of homepod minis for around 6 months by now, and as a casual user, it fits all my needs, it has an amazing audio quality in my opinion, I usually use it for watching movies and listening to music while gaming or working, for the price, it's very worth it imo"
youtube,Apple HomePod Mini,HomePod Mini 2024 review üé∂ #apple #homepodmini #techreview,I‚Äôm getting one tomorrow I‚Äôm so excited! What color should I get? Midnight or blue???!?
youtube,Apple HomePod Mini,HomePod Mini 2024 review üé∂ #apple #homepodmini #techreview,But it‚Äôs not portable
youtube,Apple HomePod Mini,HomePod Mini 2024 review üé∂ #apple #homepodmini #techreview,God bless Jesus loves u great vid ‚ù§
youtube,Apple HomePod Mini,HomePod Mini 2024 review üé∂ #apple #homepodmini #techreview,does the power brick come in the box?
youtube,Apple HomePod Mini,HomePod Mini 2024 review üé∂ #apple #homepodmini #techreview,i have one too and its hella good
youtube,Apple HomePod Mini,HomePod Mini Review - 6 Months Later,**Update** We've been able to get AirTags to work with the HomePod Mini after upgrading the iPhone's software to 14.6 and has worked reliably for many months now.
youtube,Apple HomePod Mini,HomePod Mini Review - 6 Months Later,"i didn‚Äôt know apple made speakers, so i just ordered myself the mini one, i only need something for music and audiobooks for when i sleep, i can‚Äôt wait to get mine, it shipped yesterday, it should be here 2 weeks. i picked the midnight color. i don‚Äôt care about the little dirt that will be on it. i can‚Äôt wait to get it and hear music on it for myself üòä"
youtube,Apple HomePod Mini,HomePod Mini Review - 6 Months Later,YouTube Music is available now. YAY!
youtube,Apple HomePod Mini,HomePod Mini Review - 6 Months Later,"This video is 4 years old, so in 2025 does one still need to use an iPhone or iPad to set up the HomePod Mini to an Apple TV 4K rd gen? Thanks"
youtube,Apple HomePod Mini,HomePod Mini Review - 6 Months Later,Anyone ever tell you that you look like Zack Morris from Saved by the Bell?
youtube,Apple HomePod Mini,HomePod Mini Review - 6 Months Later,Can I via Bluetooth use it as a speaker from my PC ?
youtube,Apple HomePod Mini,HomePod Mini Review - 6 Months Later,Thanks for this clear and immensely helpful review!
youtube,Apple HomePod Mini,HomePod Mini Review - 6 Months Later,"AirPlay sucks. The connection breaks on every use regardless of wifi speed and latest firmware. 6 months later, I smashed that lousy thing on the wall. Most probably is burned up at trash centre now.üòä"
youtube,Apple HomePod Mini,HomePod Mini Review - 6 Months Later,"Even within the Apple ecosystem, the HomePod mini still can't play announcements from the iPhone and can't read an internet page, which limits its practical uses. All the  limitations it comes with makes its sound quality easy to forget! Apple HomePod mini is not a smart speaker; it's an Apple Music speaker. Only a five-year-old or younger would be entertained by it, but not a fully conscious adult."
youtube,Apple HomePod Mini,HomePod Mini Review - 6 Months Later,"Thanks for this review. I'm primarily an Apple person except I'm looking to replace my Amazon devices. I really only use my other device for music which I find sometimes difficult when I have my Amazon device linked to my Apple Music subsciption. And I also use it for the weather. Your review indicated I can do both and link 2 or more Homepod Minis together. I think I'm sold. I will shortly be a 100% apple home...well except for the streaming device I get free through my employer, but I do have my AppleTV linked on it."
youtube,Apple HomePod Mini,HomePod Mini Review - 6 Months Later,i have A Home Pod Mini
youtube,Apple HomePod Mini,HomePod Mini Review - 6 Months Later,No YouTube music is a no buy for me
youtube,Apple HomePod Mini,HomePod Mini Review - 6 Months Later,I just copped a yellow one!
youtube,Apple HomePod Mini,HomePod Mini Review - 6 Months Later,Just could do with a aluminium version and also with a IP rating for kitchens and bathrooms
youtube,Apple HomePod Mini,HomePod Mini Review - 6 Months Later,"Glad, found it useful! Is YouTube still not available? @6MonthsLater"
youtube,Apple HomePod Mini,HomePod Mini Review - 6 Months Later,"I dont have an iphone and hate siri or talking to any device.  I have an ipad and an apple tv.  does homepod make sense for what I haVE?  I just want to listen to my itunes music, not apple music"
youtube,Apple HomePod Mini,HomePod Mini Review - 6 Months Later,Is Spotify available yet?
youtube,Apple HomePod Mini,HomePod Mini Review - 6 Months Later,"I can give you another reason why you would recommend it - affiliate link in the description üòÇüòÇüòÇüòÇ

The shock of it‚Ä¶."
youtube,Apple HomePod Mini,HomePod Mini Review - 6 Months Later,"I am a little late to be honest but a quick question. If we ignore the smart features of the device, if I decide to use it as a speaker while watching a movie from my Mac does the airplay work normally? If I decide to listen to music from youtube louder and use it as a simple bluetooth speaker, will it work or it only understands Apple music?"
youtube,Apple HomePod Mini,HomePod Mini Review - 6 Months Later,"I hate it, you can‚Äôt set an alarm on your phone so it‚Äôll go off on the pod. Waste of money"
youtube,Apple HomePod Mini,HomePod Mini Review - 6 Months Later,I picked one up last week and the audio is phenomenal! Best $99 I ever spent. Can‚Äôt wait to pick up a pair of HomePod 2 speakers for my Apple TV. ‚ù§‚ù§‚ù§
youtube,Apple HomePod Mini,HomePod Mini Review - 6 Months Later,i brought myself one as a early christmas gift and i love it best 150 dollars i have spent
youtube,Apple HomePod Mini,HomePod Mini Review - 6 Months Later,"like the features, setup was difficult for some of my devices (August Door lock, https://www.youtube.com/post/UgkxhB5YOMNj04GuoAosExygP4cH-dKeb4aB Bose speaker)... but all switches and outlets (5), thermostat, tankless water heater. Unfortunately all I can do is turn on/off Bose. It doesn't support volume or changing channels, but I believe that is due to the particular speaker I have.... Worth getting if you already have other devices to use it with... I don't sit around and ask Alexa questions much so that doesn't really matter to me...."
youtube,Apple HomePod Mini,HomePod Mini Review - 6 Months Later,"Funny. Everyone always talks about how easy it is to set up and use Apple products. I can assure you, as a long time Apple consumer of all products Apple, it is not always that easy, especially with Apple‚Äôs speakers."
youtube,Apple HomePod Mini,HomePod Mini Review - 6 Months Later,"Can you set these up with a macbook or iPad? We don't use iPhone, but considering one to control the house on iPad and macbook through the home app. Along with some podcasts etc via airplay."
youtube,Apple HomePod Mini,HomePod Mini Review - 6 Months Later,home pod mini and others are not available in thailand strange he ?
youtube,Apple HomePod Mini,HomePod Mini Review - 6 Months Later,Excelente √°udio in this video
youtube,Apple HomePod Mini,HomePod Mini Review - 6 Months Later,Never could get mine to work properly so I returned it.
youtube,Apple HomePod Mini,HomePod Mini Review - 6 Months Later,Very good video but imo the HomePod is quite useless may as well get an Alexa
youtube,Apple HomePod Mini,HomePod Mini Review - 6 Months Later,üá®üá¶‚úÖüì¨üìÆüì®üìâüìäüíéüé∞üßë‚Äç‚úàÔ∏èüßûüí∞üìÆü™ôüèòÔ∏èüì¶‚öñÔ∏èüí≤
youtube,Apple HomePod Mini,HomePod Mini Review - 6 Months Later,"Google home ‚öñÔ∏èüí≤,$16:000"
youtube,Apple HomePod Mini,HomePod Mini Review - 6 Months Later,Does the HomePod mini have to be connected to Wifi to play music via your phone??
youtube,Apple HomePod Mini,HomePod Mini Review - 6 Months Later,"They are good however stereo pair is a disaster, drop outs, echoing, poor recognition, stop playing midsong completely. I also find it weird that you found the response time to be good, in my tests the echo had a faster response time and lower error rate as well and better ability to actually start playing the correct song and correct versions of the song I asked for.  I got echo 4th gen and paired them (only works after firmware update on both and update your alexa app on mobile) and zero of these issues."
youtube,Apple HomePod Mini,HomePod Mini Review - 6 Months Later,For the tap the iPhone on top of the HomePod mini can I work with the iPod touch 7 gen?
youtube,Apple HomePod Mini,HomePod Mini Review - 6 Months Later,I haven't seen that design since the early 60s but it was a candle.
youtube,Apple HomePod Mini,HomePod Mini Review - 6 Months Later,"we never talk about the craziness of when you have more than one apple device in a room and you ask siri to do something they all answer, or you ask your Homepod mini to play your playlist then your phone does the same and of course a different song then the one from your homepod mini"
youtube,Apple HomePod Mini,HomePod Mini Review - 6 Months Later,Apple was insane for getting rid of the big HomePod. Those things sounded absolutely incredible.
youtube,Apple HomePod Mini,HomePod Mini Review - 6 Months Later,"I ask Siri for the weather everyday, and I love that it plays YouTube music.  Easy to use ."
youtube,Apple HomePod Mini,HomePod Mini Review - 6 Months Later,Do other people manage to get TuneIn to work with HomePods? I can‚Äôt. I also cannot add radio stations to the Music app. Help?
youtube,Apple HomePod Mini,HomePod Mini Review - 6 Months Later,I hate them. They are annoying and sound horrible. They‚Äôve been sitting around collecting dust for a year because nobody even wants to buy them.
youtube,Apple HomePod Mini,HomePod Mini Review - 6 Months Later,"Think there is another downside that you can't use it without a wifi right? 
But my question is can you not use a hotspot to overcome that problem?"
youtube,Apple HomePod Mini,HomePod Mini Review - 6 Months Later,it does connect with Laptop too right??
youtube,Apple HomePod Mini,HomePod Mini Review - 6 Months Later,Pausing the video at 0:31 just to subscribe and comment purely based on the fact that within this time he has told if the homepad is recommended or not. I salute you my friend. Thank you. !!!
youtube,Apple HomePod Mini,HomePod Mini Review - 6 Months Later,Do not buy - sound constantly interrupts
youtube,Apple HomePod Mini,HomePod Mini Review - 6 Months Later,"Great review thank you! Quick question to you or any other users here: Does it interact with familiy Apple calendar? I would mainly use it to ask siri about upcoming familiy events, soccer, swimming, birthdays and to add calendar reminders. How does it fare? Thank you in advance!"
youtube,Apple HomePod Mini,HomePod Mini Review - 6 Months Later,"If I could find a way to get a HomePod mini to to commands to my Hubitat, I'd replace every one of my annoying Alexa devices. But, that is not happening, at least as far as I know."
youtube,Apple HomePod Mini,HomePod Mini Review - 6 Months Later,Nest audio is $69 from many retailers
youtube,Apple HomePod Mini,HomePod Mini Review - 6 Months Later,I was about to purchase but the not compatible with Spotify was a dealbreaker for me
youtube,Apple HomePod Mini,HomePod Mini Review - 6 Months Later,You should be able to find your AirTag items now. I did it the other the day
youtube,Apple HomePod Mini,HomePod Mini Review - 6 Months Later,"Ok, bass is not the best but for such a small speaker system,
it's quite remarkable. And the stereo separation is the best I have ever heard.
Love my mini balls!"
youtube,Apple HomePod Mini,HomePod Mini Review - 6 Months Later,Can you add multiple brand cameras? I‚Äôve got an arlo hub but want to run some seperate Cheaper wifi cameras
youtube,Apple HomePod Mini,HomePod Mini Review - 6 Months Later,I hate it. If you don‚Äôt use Apple music it just doesn‚Äôt work.
youtube,Apple HomePod Mini,HomePod Mini Review - 6 Months Later,I‚Äôve been using google nest hub for the past 3 years. I‚Äôm definitely getting a HomePod!! Google lags way to much. Plus most my devices are apple. Thanks for the review
youtube,Apple HomePod Mini,HomePod Mini Review - 6 Months Later,"If you‚Äôre already listening to Spotify, can I ask Siri to resume and will it resume the music from Spotify?"
youtube,Apple HomePod Mini,HomePod Mini Review - 6 Months Later,you can tell Siri to ‚Äúdon‚Äôt listen to hey Siri‚Äù and you‚Äôll have to hold on the top so that is the mute
youtube,Apple HomePod Mini,HomePod Mini Review - 6 Months Later,"I liked this video. Very informative and not plenty of ""cool"" video shots that provide no value to the review. Thanks!"
youtube,Apple HomePod Mini,HomePod Mini Review - 6 Months Later,"I bought two HomePod mini, February 2022. Set up both on my iPhone 13, iOS 15.5 version. Both doing fine. Around 15/4/22 one of my HomePod mini STOPED SPEAKERS. Then a reset, but after I CANT Setup, message ‚ÄúFailed (-6753)‚Äù. I‚Äôve tried everything: reset factory HomePod mini, reset with my iPhone, reset with MacBook Pro 2018, and downgrade to iOS 15.4.1. HomePod mini version SO is 15.4.1. The other HomePod mini still working very fine.
SOMEONE HELP ME PLEASE?"
youtube,Apple HomePod Mini,HomePod Mini Review - 6 Months Later,Siri seemed dummied down on HomePod Mini compared with phone‚Ä¶especially SE 2022
youtube,Apple HomePod Mini,HomePod Mini Review - 6 Months Later,Snazzy‚Äôs clone hahaha
youtube,Apple HomePod Mini,HomePod Mini Review - 6 Months Later,Good video boss however the question is do I purchase one? üòÇ
youtube,Apple HomePod Mini,HomePod Mini Review - 6 Months Later,What are the most annoying things about the speakers is no Bluetooth relies totally on having a Wi-Fi network which I think is a failing on their part
youtube,Apple HomePod Mini,HomePod Mini Review - 6 Months Later,"I don't know how anyone can recommend this.  I have had Amazon Echo for years and it works very well (especially with Amazon's own Smart Plugs, compared to Wemos which are AWFUL).  The Amazon Echo is easy to use and intuitive to speak to, and it talks all the time, even in Brief mode.  It routinely adds, ""By the way"" after it does something and also asks if it did what I wanted.  It never shuts up.  It also feels the need to tell you ""Now connected to MacBook Pro"" when you shoot music over to it just a few feet away, even though you've already heard the music playing from it, and it then INTERRUPTS the music to tell you that.  Super annoying on a daily basis.  But absolutely nothing is well thought out in comparison on the Apple HomePod mini.  Even simple things on Echo like adding to a grocery list, reading it off, and then telling it to empty the list is easy on Echo, while a real chore on HomePod mini.  I can tell Siri on my iPhone to play my iTunes playlist named whatever and it starts playing it but not on HomePod Mini.  To do that I have to start it on my phone manually and then use AirPlay to shoot it over to the HomePod Mini.  Everything on the HomePod mini compared to the Amazon Echo is clumsy and challenging and mind boggling difficult in comparison, and is simply unintuitive (the former hallmark of Apple under Steve Jobs was always that it was intuitive).  I also took advantage of Apple Music streaming service for 6 months with this purchase, only to fight with it an entire day and end up deleting it.  Ask it to play something like Somewhere Over the Rainbow by Judy Garland and it refused, giving me some other funky version.  Then ask it to play music by Judy Garland and the very first song was Somewhere Over the Rainbow.  It's just unimaginably bad in every way and so I cancelled Music even though it's free and am returning the HomePod mini after day two."
youtube,Apple HomePod Mini,HomePod Mini Review - 6 Months Later,"I‚Äôm dumb, it took me one hour to set it up."
youtube,Apple HomePod Mini,HomePod Mini Review - 6 Months Later,"You‚Äôre quite right of course, I looked at quite a few reviews before purchasing one and yeah I suppose the only problem I have is with how do you say a mute button if you‚Äôre playing music fairly loudly,  you have to yell at Suri it‚Äôs quite funny it sounds funny from listeners point of view. I only use mine in the bedroom I have a spare have a pair and I think they‚Äôre pretty good however what‚Äôs no mute switch it‚Äôs quite simple really the power switch is next to my bed - I simply Ri‚Äôchard end the PowerPoint off."
youtube,Apple HomePod Mini,HomePod Mini Review - 6 Months Later,does homepod mini now works on youtube music ??
youtube,Apple HomePod Mini,HomePod Mini Review - 6 Months Later,Would have liked to see your tips on cleaning it. It's a dust collector and I've no idea of the best way to keep it clean. Also what is the best stand you can get for it?
youtube,Apple HomePod Mini,HomePod Mini Review - 6 Months Later,"Good clear content, informational without being to long, and most importantly not serving a paid ad every couple of minutes. Thank you."
youtube,Apple HomePod Mini,HomePod Mini Review - 6 Months Later,"I like the sound mine make - but - they're very slow to switch sound to - sometimes takes a minute or more to find the speaker that's 6 inches away from the phone. Sound drops out. Stereo pairing is problematic and unreliable. Insufficient bass. Speaker either seems to be at conversation interrupting levels of volume, or not quite loud enough. Media continues to play after the phone has changed to a different song, often times requiring the speakers to be restarted and repaired to regain control.
Mostly a nice idea, with not quite enough polish."
youtube,Apple HomePod Mini,HomePod Mini Review - 6 Months Later,"Where HomPod fails is as a speaker for a Mac. It connects sometimes, but it's a poor connection which loses itself easily. This is a huge oversight as this is why I bought it. As for Siri, you have been far too kind. Half the time it is unable to do something more than twice in a row. I have 5 HomePods, big and small, but the only thing I find them really good for is Dolby Atmos for my AppleTV. The Homepod represents an epic fail by Apple. Have you ever tried troubleshooting. Apple will have you restarting your router, turning off any other wifi enabled devices, turning them all back on again. My router works fine, it's these lousy speakers that are at fault."
youtube,Apple HomePod Mini,HomePod Mini Review - 6 Months Later,CORRECTION : You CAN make outgoing calls on your Nest Home and Nest Home Max (as long as the number you‚Äôre calling is in your address book).
youtube,Apple HomePod Mini,HomePod Mini Review - 6 Months Later,"Excellent video and great üëç review. However I don‚Äôt agree that Siri can do half of what Google or Amazon voice assistants can deliver. I‚Äôm an apple user but have  remained within the Google eco system, simply because Siri is such a dumb shit. 

I would say more than 50 percent of the time Siri directs me to web pages rather than give me an answer  

Google and Amazon have no such problem. 

Apple really do need to address this. Siri is a poor relation to what Google and Amazon offer."
youtube,Apple HomePod Mini,HomePod Mini Review - 6 Months Later,Great video !! Planning to buy one üòä
youtube,Apple HomePod Mini,HomePod Mini Review - 6 Months Later,"I do like them very much, I have 4 now so it's great to be able to play music, control lights and other tasks throughout my home. However, although I did get my Bose bluetooth soundbar to play music with the homepods on my first day, I haven't been able to do it since then. It shows up in the list of airplay devices but when I tap it, it stops playing music on the homepods. Thanks for this review, I agree with everything (except the part about 3rd party speakers)"
youtube,Apple HomePod Mini,HomePod Mini Review - 6 Months Later,Not to bragüòÖ. But i ask Siri for definitions and all while I‚Äôm studying.
youtube,Apple HomePod Mini,HomePod Mini Review - 6 Months Later,Question: can you pair a mini with an original HomePod or original HomePod existing stereo pair?
youtube,Apple HomePod Mini,HomePod Mini Review - 6 Months Later,Can u connect Mac/iPhone and have either one play directly to Mini without having to select anything?
youtube,Apple HomePod Mini,HomePod Mini Review - 6 Months Later,Does the Homepod mini work with Spotify yet?
youtube,Apple HomePod Mini,HomePod Mini Review - 6 Months Later,this video was recommended to me six month after it was posted lmao
youtube,Apple HomePod Mini,HomePod Mini Review - 6 Months Later,"I like my HomePod minis, the sound is great! But Siri is so stupid, has a long way to come."
youtube,Apple HomePod Mini,HomePod Mini Review - 6 Months Later,Left out it supports threading and can be a hub for home kit that‚Äôs a main reason in itself to consider
youtube,Apple HomePod Mini,HomePod Mini Review - 6 Months Later,Is Spotify available now?
youtube,Apple HomePod Mini,HomePod Mini Review - 6 Months Later,"Works good , only thing that‚Äôs been annoying is that when you ask Siri to play a song she sometimes says sorry something went wrong with Apple Music , or sorry I can‚Äôt seem to find it in ur apple library"
youtube,Apple HomePod Mini,HomePod Mini Review - 6 Months Later,Control smart home devices ??? What are you taking about?  What devices are compatible with that thing ? I Haven't seen any with siri support
youtube,Apple HomePod Mini,HomePod Mini Review - 6 Months Later,"To be honest, the sound quality, appearance, and integration into Apple is sadly flooded over by the endless torrent of bugs that flow from the HomePod/Airplay software. It‚Äôs far and away the worst Apple software that I have ever encountered ‚Äî iMac, M1 Mini, iPhone, and iPad  at home ‚Äî and very disappointing."
youtube,Apple HomePod Mini,HomePod Mini Review - 6 Months Later,Do not get homepod mini! Seriously don‚Äôt!
youtube,Apple HomePod Mini,HomePod Mini Review - 6 Months Later,Is handoff available for Spotify yet?
youtube,Apple HomePod Mini,HomePod Mini Review - 6 Months Later,"Hi, finale got my set. Apple decided not to see them in Holland, Belgium and Luxemburg. So were stuck with a English Siri :-) 
I have a problem with Siri, she/he speaks so soft that I nearly have tp put my ear on the speakers yo hear her/him. When I put the sound up, only the music will go louder, not Siri? You happend to know how I get the volume of the Siri voice higher? Would be grateful :-)"
youtube,Apple HomePod Mini,HomePod Mini Review - 6 Months Later,"My HomePod mini is my little and great love, i bought a days ago..üíù"
youtube,Apple HomePod Mini,HomePod Mini Review - 6 Months Later,"My HomePod stopped working after a year, apple will ‚Äúfix‚Äù it for 80% of the original price. Google fart death."
youtube,Apple HomePod Mini,HomePod Mini Review - 6 Months Later,I wish it were wireless.
youtube,Apple HomePod Mini,HomePod Mini Review - 6 Months Later,It‚Äôs too bad Apple did not just update the bigger HomePod to include the stuff from the HomePod Mini as I had the big HomePod and loved it only sold it as it was too bass heavy for my Apartment I was living in at the time I got the smaller HomePod Minis for a  smaller space living
youtube,Apple HomePod Mini,HomePod Mini Review - 6 Months Later,"One question can you look up things online and ask it things like you can google mini? 
I‚Äôm not a music blarer, but I do like being able to ask ‚Äú google‚Äù stuff without a screen and be able to call people etc."
youtube,Apple HomePod Mini,HomePod Mini Review - 6 Months Later,im just waiting for the orange color
youtube,Apple HomePod Mini,HomePod Mini Review - 6 Months Later,Anybody else having some AirPlay issues like stuttering and randomly muting for 5 seconds or so after every 40 seconds? Or did I buy a faulty unit?
youtube,Apple HomePod Mini,HomePod Mini Review - 6 Months Later,What‚Äôs your laptop in this video I kind a like it and im thinking to buy one ..
youtube,Apple HomePod Mini,Apple HomePod Mini Review in Hindi,"Bohot zabardast audio quality hai iski üòçüëç
Buy HomePod Mini on
Flipkart: http://fkrt.it/IJ4ZysNNNN"
youtube,Apple HomePod Mini,Apple HomePod Mini Review in Hindi,Eske liyewi fi conntion v tou chahiye
youtube,Apple HomePod Mini,Apple HomePod Mini Review in Hindi,Nabeel bhaijaan walakum assalam bhaijaan dekhte hain kya hain scene ‚ù§Ô∏èüåπ‚ù§Ô∏è‚ù§Ô∏è‚ù§Ô∏è‚ù§Ô∏è‚ù§Ô∏è‚ù§Ô∏è‚ù§Ô∏è
youtube,Apple HomePod Mini,Apple HomePod Mini Review in Hindi,How to connect with Android or no
youtube,Apple HomePod Mini,Apple HomePod Mini Review in Hindi,"The only challenge with Apple Homepod is the limited Home Automation support. Most of the iOT devices when go through Homekit integration has to get a let of security approvals before it gets approved, whereas Amazon and Google wins this race because of compatibility with vast range of devices. If they can somehow convince the manufacturers and the make the overall process a little less cumbersome, sky will be the limit for Apple."
youtube,Apple HomePod Mini,Apple HomePod Mini Review in Hindi,sir i phone me homepod mini kise use karte hai
youtube,Apple HomePod Mini,Apple HomePod Mini Review in Hindi,Very nice and genuine coverage. Thank you :-)
youtube,Apple HomePod Mini,Apple HomePod Mini Review in Hindi,Jim m bhe use kr sakte hein
youtube,Apple HomePod Mini,Apple HomePod Mini Review in Hindi,Ur videos are most useless and biased towards apple. Worst.
youtube,Apple HomePod Mini,Apple HomePod Mini Review in Hindi,"Assalamualaikum bhaiya
main sochrhi thi ise kharidu lekin aap mujhe ye bataiye ki 
Kiya ye 14 pro Max ke sath connect hoga....."
youtube,Apple HomePod Mini,Apple HomePod Mini Review in Hindi,"Hi Sir, I just bought a mini pod, how to setup default youtube for music?"
youtube,Apple HomePod Mini,Apple HomePod Mini Review in Hindi,CAN WE GET IT SECOND HAND IN INDIA
youtube,Apple HomePod Mini,Apple HomePod Mini Review in Hindi,Yeh waterproof hai ja nhi
youtube,Apple HomePod Mini,Apple HomePod Mini Review in Hindi,bass audio quality hi achi hai smart nahi hai ye
youtube,Apple HomePod Mini,Apple HomePod Mini Review in Hindi,"Can i use it with imac and operate as external speaker to get sound with third party applications like vlc, chrome media, whatsapp"
youtube,Apple HomePod Mini,Apple HomePod Mini Review in Hindi,Nabeel bhai mera mini connect he na ho pa rha ipad or iphone se
youtube,Apple HomePod Mini,Apple HomePod Mini Review in Hindi,Home pod mini 2-3 apple iPhone devices se connect kar sakte he
youtube,Apple HomePod Mini,Apple HomePod Mini Review in Hindi,Is that chargable can we take to ouside and playmusic
youtube,Apple HomePod Mini,Apple HomePod Mini Review in Hindi,Zabardast Superb Review
youtube,Apple HomePod Mini,Apple HomePod Mini Review in Hindi,Walekum Assalaam Bhai
youtube,Apple HomePod Mini,Apple HomePod Mini Review in Hindi,Now everybody now's that Nabeel nawab is an apple fan
youtube,Apple HomePod Mini,Apple HomePod Mini Review in Hindi,Yeh sirf Apple Music se hi chalega ya dusre kisi bhi music apps me bhi chal sakta hai krpeya reply kariye
youtube,Apple HomePod Mini,Apple HomePod Mini Review in Hindi,Bhai ye android k sath chalta h kya????
youtube,Apple HomePod Mini,Apple HomePod Mini Review in Hindi,Apple should remove Hey from Hey Siri.
youtube,Apple HomePod Mini,Apple HomePod Mini Review in Hindi,Mac mini unbox and explain Mac mini
youtube,Apple HomePod Mini,Apple HomePod Mini Review in Hindi,Pure YouTube pe aap sabse detail aur ache se samjate ho.<3
youtube,Apple HomePod Mini,Apple HomePod Mini Review in Hindi,Bluetooth ke through Other devices se connect karke use kar sakte hai? Ya only apple products se connect hoga ?
youtube,Apple HomePod Mini,Apple HomePod Mini Review in Hindi,"Assalam o Alaikum Bhai. 
Macbook k through isy set-up krny ka koi way btaiye?"
youtube,Apple HomePod Mini,Apple HomePod Mini Review in Hindi,I bought one from online
youtube,Apple HomePod Mini,Apple HomePod Mini Review in Hindi,Can homepod can be used in car ?
youtube,Apple HomePod Mini,Apple HomePod Mini Review in Hindi,Great review love from Pakistan
youtube,Apple HomePod Mini,Apple HomePod Mini Review in Hindi,I have an iPhone XR and music transfer by tap works fine for me
youtube,Apple HomePod Mini,Apple HomePod Mini Review in Hindi,Are brother bluthooth nahi he kya esmeüôÑ
youtube,Apple HomePod Mini,Apple HomePod Mini Review in Hindi,"My HomePod is not getting connected 
Can anybody tell me"
youtube,Apple HomePod Mini,Apple HomePod Mini Review in Hindi,U need a good internet connection
youtube,Apple HomePod Mini,Apple HomePod Mini Review in Hindi,Bhaiya aapka phone number dijiye mera n h 9898497383
youtube,Apple HomePod Mini,Apple HomePod Mini Review in Hindi,Is this is connected to samsung phone
youtube,Apple HomePod Mini,Apple HomePod Mini Review in Hindi,Android se connect hota hai  ?
youtube,Apple HomePod Mini,Apple HomePod Mini Review in Hindi,"can we connect HomePod mini to android phone and
 MacBook Pro"
youtube,Apple HomePod Mini,Apple HomePod Mini Review in Hindi,Can we charge phone from homepod mini charger
youtube,Apple HomePod Mini,Apple HomePod Mini Review in Hindi,Assalaamualaikum.....Sir if u dont mind... But you know music is haraam naüòïüòï 03:50
youtube,Apple HomePod Mini,Apple HomePod Mini Review in Hindi,Mossewale da gnna chlaii baii dkhii base
youtube,Apple HomePod Mini,Apple HomePod Mini Review in Hindi,Thanks for an awesome review Nabeel . one quick question - does the tap function work only with Iphone 11/12 onwards. i have an iphone X and was wondering if i should base my purchase decision on that
youtube,Apple HomePod Mini,Apple HomePod Mini Review in Hindi,"Nabeel bhai, I'm planning to buy 2 homepod mini but just have one question. I wish to keep the connection of both speaker to my apple phone and ipad air 4th gen. so I can use any of the device as per my wish. is it possible?? Thanks always for your informative vlogs."
youtube,Apple HomePod Mini,Apple HomePod Mini Review in Hindi,So much iPhone you have one you can donate
youtube,Apple HomePod Mini,Apple HomePod Mini Review in Hindi,You are just a apple fan boy.
youtube,Apple HomePod Mini,Apple HomePod Mini Review in Hindi,"Better go for alexa speaker, it is a far better voice assistant than siri. Siri is shit in India."
youtube,Apple HomePod Mini,Apple HomePod Mini Review in Hindi,7 lakhs subscribers  Very Soon
youtube,Apple HomePod Mini,Apple HomePod Mini Review in Hindi,Thanks Nabeel bhayya for video
youtube,Apple HomePod Mini,Apple HomePod Mini Review in Hindi,I have iPhone 8plus . Can I transfer music to HomePod mini from YouTube?
youtube,Apple HomePod Mini,Apple HomePod Mini Review in Hindi,Nabeel don't u think 12pro n max looks like Chinese phone's ..... Only mini looks very nice
youtube,Apple HomePod Mini,Apple HomePod Mini Review in Hindi,‡≤Ö‡≤¶‡≥ç‡≤≠‡≥Å‡≤§‡≤µ‡≤æ‡≤¶ ‡≤∏‡≥Å‡≤Ç‡≤¶‡≤∞‡≤µ‡≤æ‡≤¶ ‡≤µ‡≤ø‡≤°‡≤ø‡≤Ø‡≥ã ‚ù§Ô∏èüòç‚úã amazing and beautiful video ‚ù§Ô∏è bahut badhiya video bhai ‚ù§Ô∏èüåπüôè
youtube,Apple HomePod Mini,Apple HomePod Mini Review in Hindi,So we cannot take it out?
youtube,Apple HomePod Mini,Apple HomePod Mini Review in Hindi,Sir ek Instagram  par page hai (md_gadgets)  jo iphone 12 pro max sirf 20k mai de rha hai isko review kriye . kya  sach mai possible hai????
youtube,Apple HomePod Mini,Apple HomePod Mini Review in Hindi,"Assalamu Allaikum bhai
‚ô®Ô∏è‚ô®Ô∏è‚ô®Ô∏è‚ô®Ô∏è‚ô®Ô∏èüÜí"
youtube,Apple HomePod Mini,Apple HomePod Mini Review in Hindi,Sir intercom vala option nhi aarha mera i11 pe evethough I have turned it own in settings but on opening home app there is nt visible option on the top right other than  ‚Äú+ ‚Äú icon
youtube,Apple HomePod Mini,Apple HomePod Mini Review in Hindi,"Please take my question 

Sir you don't like to tell about your family ok sir 

But can you tell me what is your Favourite food,

When you getting married?

Sorry if I asked wrong question 

Love you sir 


Please take in QnA"
youtube,Apple HomePod Mini,Apple HomePod Mini Review in Hindi,"How to setup voicemail on iPhone , do u have idea ??"
youtube,Apple HomePod Mini,Apple HomePod Mini Review in Hindi,11 pro battery health 98% in 3 months. Is it ok?
youtube,Apple HomePod Mini,Apple HomePod Mini Review in Hindi,why Apple did not included iphone se 2 in its apple event
youtube,Apple HomePod Mini,Apple HomePod Mini Review in Hindi,I buy iphone 12 I didn't charge firsth full is thare any problem
youtube,Apple HomePod Mini,Apple HomePod Mini Review in Hindi,I phone 13 series ka update du bhai
youtube,Apple HomePod Mini,Apple HomePod Mini Review in Hindi,Asus rog 3 vs iphone 12 kon sa buy karo
youtube,Apple HomePod Mini,Apple HomePod Mini Review in Hindi,Hi sir may se 14.2 update not working problem
youtube,Apple HomePod Mini,Apple HomePod Mini Review in Hindi,What about android phones does it connect with android..and how good it works with android if yes
youtube,Apple HomePod Mini,Apple HomePod Mini Review in Hindi,"sir I just bought iPhone 12 & I have a Mivi USB-A to lighting cable that I used to charge my iPhone 7, is it safe to use it with the 12 or is it going to reduce my battery health ?? 

also would love to see some case suggestion for iPhone 12 please."
youtube,Apple HomePod Mini,Apple HomePod Mini Review in Hindi,"Bro mobile display me, AMOLED and OLED display me kya difference hai, please bataye"
youtube,Apple HomePod Mini,Apple HomePod Mini Review in Hindi,"Where can we buy refurbished or second hand apple products, online( trusted site) or offline in hyderabad"
youtube,Apple HomePod Mini,Apple HomePod Mini Review in Hindi,Salaam Nabeel Bhai what about the Bass quality of this speaker ?
youtube,Apple HomePod Mini,Apple HomePod Mini Review in Hindi,"Sunday question.
Is ipod 6th generation or 7th generation worth buying as secondary phone
Or refurbished, second hand iPhone 7,8, 8+"
youtube,Apple HomePod Mini,Apple HomePod Mini Review in Hindi,"heelo sir, kya Pegasus virus ios ko effect karsakta hai ? Kya koi bhi company hamre msgs ko calls ko spy kar sakte hai ? Apple wale hamari privacy‚Äôs ko Goverment ke kehne par kisi ko de sakte hai -?"
youtube,Apple HomePod Mini,Apple HomePod Mini Review in Hindi,Apple AirPod pro ke spatial audio ke bare me ek video explaining ke bare me banaye
youtube,Apple HomePod Mini,Apple HomePod Mini Review in Hindi,Bhai 12 pro max ki video leke aao yrr eagerly waiting ‚ù§Ô∏è
youtube,Apple HomePod Mini,Apple HomePod Mini Review in Hindi,"Apple by not giving plastic raper opening
: Me gareb hu mere ma bap(steve jobs) muje gareb janam diye heü§£ü§£"
